title;url;text;date;tags
Angsuran BPJS Kesehatan ASN di Kaur Menunggak hingga Rp 4 Miliar;https://rbtv.disway.id/read/66500/angsuran-bpjs-kesehatan-asn-di-kaur-menunggak-hingga-rp-4-miliar;"Angsuran BPJS Kesehatan ASN di Kaur Menunggak hingga Rp 4 Miliar

Reporter: Febrianto Romadhan | Editor: Septi Fitriani |

Angsuran BPJS Kesehatan ASN di Kaur menunggak --

KAUR, RBTVCAMKOHA.COM - Angsuran BPJS Kesehatan ASN di Kaur menunggak hingga Rp 4 miliar.

Kantor BPJS Kesehatan Kaur mencatat tunggakan angsuran BPJS Aparatur Sipil Negara (ASN) sejak 2022 hingga 2023 mencapai Rp 4 miliar.

BACA JUGA:Ini Syarat Pinjam Uang di Mandiri Jaminan Sertifikat Rumah, Proses Cair Cepat

Rinciannya, angsuran BPJS ASN Pemerintah Daerah Kabupaten Kaur untuk tahun 2022 sebesar Rp 2,9 miliar dan di 2023 sebesar Rp 2,1 miliar. Tunggakan tersebut saat ini belum diangsur maupun teranggarkan Pemerintah Daerah.

Disampaikan Kepala Kantor BPJS Kabupaten Kaur, Ahmad Fauzi Nugraha, sesuai ketentuan angsuran BPJS ASN dipungut dari 5% gaji pegawai. Dari persentase tersebut, 4% ditanggung pemda dan hal itu yang menjadi kendala. Sementara untuk 1% sudah dipungut dari gaji ASN dan disetorkan pemerintah daerah.



Kepala kantor BPJS Kesehatan Kaur, Ahmad Fauzi Nugraha-

BACA JUGA:Miris! Pria Ini Diduga Memalak Kakek Pengemis, Bawa Ikat Pinggang hingga Intimidasi

""Ya saat ini yang terkendala, angsuran 4 persen yang ditanggung pemerintah daerah sebagai pemberi kerja,"" kata Kepala Kantor BPJS Kesehatan Kaur.

Sementara itu, untuk menyelesaikan tunggakan angsuran BPJS ASN Pemerintah Kabupaten Kaur yang menerima TPP selain TPG sebesar Rp 4 miliar ini, BPJS Kesehatan Kabupaten Kaur terus berkoordinasi dengan BPKAD Kaur untuk solusi pemecahan masalah tersebut.

(Febrianto.Romadhan)

Cek Berita dan Artikel yang lain di Google News";2024-09-16;
Inilah Cara Klaim Kacamata Gratis Melalui BPJS Kesehatan, Simak Ketentuannya;https://jateng.tribunnews.com/2024/09/16/inilah-cara-klaim-kacamata-gratis-melalui-bpjs-kesehatan-simak-ketentuannya;"ILUSTRASI - Klaim kacamata BPJS Kesehatan, bisa dilakukan oleh peserta yang mengalami gangguan penglihatan sesuai indikasi medis.

TRIBUNJATENG.COM - Kacamata termasuk sebagai alat bantu kesehatan yang dijamin oleh Badan Penyelenggara Jaminan Sosial (BPJS) Kesehatan.

Klaim kacamata BPJS Kesehatan, bisa dilakukan oleh peserta yang mengalami gangguan penglihatan sesuai indikasi medis.

Peresepan kacamata menjadi bagian dari pemeriksaan dan penanganan yang diberikan pada fasilitas kesehatan rujukan yang bekerjasama dengan BPJS Kesehatan.

Penjaminan kacamata gratis BPJS Kesehatan bisa diberikan atas rekomendasi dari dokter spesialis mata dengan bukti hasil pemeriksaan mata.

Dalam Peraturan Menteri Kesehatan (Permenkes) Nomor 28 Tahun 2014 tentang Pedoman Pelaksanaan Program Jaminan Kesehatan Nasional, dituliskan bahwa pemberian klaim kacamata gratis BPJS Kesehatan diberikan dalam waktu dua tahun sekali.

BPJS Kesehatan memberikan subsidi penjaminan lensa kacamata minus, plus, maupun silinder, dengan ketentuan minimal 0,5 dioptri untuk lensa spheris dan 0,25 dioptri untuk lensa silindris.

Besaran dana subsidi kacamata dari BPJS Kesehatan diberikan berdasarkan kelas peserta sebagai berikut:

BPJS Kesehatan kelas 1,subsidi dana klaim kacamata sebesar Rp 330.000

BPJS Kesehatan kelas 2, subsidi dana klaim kacamata sebesar Rp 220.000

BPJS Kesehatan kelas 3 atau peserta Penerima Bantuan Iuran (PBI), subsidi dana klaim kacamata sebesar Rp 165.000.

Peserta yang akan melakukan klaim kacamata gratis BPJS Kesehatan, bisa membawa resep kacamata dari dokter fasilitas kesehatan tingkat pertama (FKTP) ke optik yang bekerjasama dengan BPJS Kesehatan.

Lebih lanjut, cara klaim kacamata gratis BPJS Kesehatan sebagai berikut:

Peserta mendatangi fasilitas kesehatan (faskes) tingkat pertama, yaitu puskesmas, klinik, atau dokter yang ditunjuk BPJS Kesehatan Minta rujukan ke poli mata atau dokter spesialis mata yang bekerjasama dengan BPJS Kesehatan Ikuti prosedur Rawat Jalan Tingkat Lanjutan (RJTL), mulai dari pemeriksaan mata Dokter di fasilitas kesehatan rujukan tingkat lanjutan (FKRTL) akan memberikan resep pembelian kacamata untuk diambil di optik yang bekerjasama dengan BPJS Kesehatan Legalisir atau verifikasi resep kacamata di loket rumah sakit. Setelah itu, Anda dapat mendatangi optik yang bekerjasama dengan BPJS Kesehatan, dengan membawa KTP, Kartu BPJS Kesehatan, dan resep dokter yang telah diverifikasi, untuk melakukan pembelian kacamata.

Dikutip dari laman resmi BPJS Kesehatan, penjaminan kacamata tidak bisa diberikan bagi peserta yang tak memenuhi indikasi medis atau dalam waktu kurang dari dua tahun sejak tanggal legalisasi kacamata.

Selain itu, penjaminan kacamata BPJS Kesehatan juga tidak bisa dilakukan pada kasus penggantian bingkai kacamata saja.

Perlu dicatat, peserta yang memerlukan penggantian kacamata sebelum dua tahun disebabkan oleh hal apa pun, baik perubahan ukuran, hilang, rusak, dan lainnya, maka tidak termasuk dijamin BPJS Kesehatan.

Itulah rangkuman informasi mengenai cara klaim kacamata BPJS Kesehatan dan ketentuannya.

(*)

Artikel ini telah tayang di Kompas.com dengan judul Kacamata Dijamin BPJS Kesehatan, Ini Cara Klaim dan Ketentuannya";2024-09-16;Tips Kecantikan, BPJS Kesehatan, gratis, Body Care, klaim kacamata, kacamata, Home Product, Berita Nasional, Loker, Tips Kesehatan, #Berita Nasional, Tips Home Care
Attention Required!;https://www.rri.co.id/mataram/kesehatan/975069/pelayanan-bagi-pasien-jkn-cepat-dan-profesional;"Why have I been blocked?

This website is using a security service to protect itself from online attacks. The action you just performed triggered the security solution. There are several actions that could trigger this block including submitting a certain word or phrase, a SQL command or malformed data.";2024-09-15;
Pasangan BEKAWAN Janjikan Bayar Tunggakan BPJS Kesehatan Masyarakat Belitung Timur;https://belitung.tribunnews.com/2024/09/15/pasangan-bekawan-janjikan-bayar-tunggakan-bpjs-kesehatan-masyarakat-belitung-timur;"Foto bersama dengan tujuh pemenang dari tiap kecamatan di Beltim hadiah jalan sehat hari ini, Minggu (15/9/2024).

POSBELITUNG.CO, BELITUNG - Kamarudin Muten dan Khairil Anwar serta enam partai koalisi melakukan deklarasi dalam pencalonan mereka di Pilkada Beltim 2024, Minggu (15/9/2024) di Lapangan Yagor Manggar.

Deklarasi itu diawali dengan jalan sehat yang diikuti ribuan warga dari seluruh Belitung Timur.

Ada doorprize utama tujuh motor untuk pemenang utama di setiap kecamatan di Belitung Timur.

Dalam orasi politiknya, Kamarudin Muten menjanjikan bahwa jika terpilih dia akan membayar tunggakan BPJS Kesehatan seluruh masyarakat Belitung Timur.

Karena dia merasa prihatin saat ini masyarakat banyak yang tidak bisa berobat sebab BPJS-nya menunggak.

""Kami akan membayar tunggakan tersebut. Setelah masuk ke pemerintahan kami akan langsung kerja melayani masyarakat nanti,"" kata Kamarudin ditemui usai kegiatan.

Selain itu, dirinya juga bilang bahwa dua minggu lalu sudah membawa relasi bisnisnya untuk melihat potensi yang ada di Beltim.

Afa mengatakan temannya tertarik untuk menanamkan investasinya di Beltim.

""Artinya apa? Masalah lapangan pekerjaan akan terurai karena mereka akan membangun perusahaan di sini dan pegawainya dari warga Beltim,"" kata Afa.

Kamarudin Muten, yang merupakan pebisnis berpengalaman lebih dari 30 tahun menegaskan komitmennya untuk meningkatkan kesejahteraan masyarakat melalui pengembangan ekonomi berbasis kerakyatan serta meningkatkan pelayanan publik.

""Kami siap untuk menghadirkan pemerintahan yang bersih, transparan, dan berfokus pada kepentingan rakyat. Pembangunan infrastruktur dan penguatan sektor-sektor andalan akan menjadi prioritas utama kami untuk mendongkrak perekonomian daerah,"" kata Kamarudin.

Sementara itu, Khairil Anwar, calon Wakil Bupati petahana yang dikenal sebagai pengusaha muda sukses, menegaskan akan terus selaras dengan program-program Kamarudin Muten. Dia sendiri mengaku sudah membagi tugas nantinya jika terpilih jadi kepala daerah periode 2024-2029.

Deklarasi ini juga dihadiri oleh semua ketua partai politik pengusung, masyarakat, hingga relawan. Acara diakhiri dengan foto bersama dengan tujuh pemenang motor dari tujuh kecamatan. (Posbelitung.co/Bryan Bimantoro)";2024-09-15;Tips Kecantikan, Body Care, #Pilkada Belitung Timur 2024, Khairil Anwar, Kamarudin Muten, Home Product, Beltim, Tips Kesehatan, Pilkada Belitung Timur 2024, Belitung Timur, Tips Home Care
Attention Required!;https://kaltimpost.jawapos.com/balikpapan/2385091831/bpjs-kesehatan-ngobras-jkn-bareng-media-se-kalimantan;"Why have I been blocked?

This website is using a security service to protect itself from online attacks. The action you just performed triggered the security solution. There are several actions that could trigger this block including submitting a certain word or phrase, a SQL command or malformed data.";2024-09-15;
Orangtua Sudah Bercerai, Apakah BPJS Kesehatan Anak Masih Bisa Digunakan?;https://www.kompas.com/tren/read/2024/09/14/170000165/orangtua-sudah-bercerai-apakah-bpjs-kesehatan-anak-masih-bisa-digunakan-;"KOMPAS.com - Masyarakat wajib mendaftarkan seluruh anggota keluarga dalam satu Kartu Keluarga (KK) untuk menjadi peserta Jaminan Kesehatan Nasional (JKN) BPJS Kesehatan.

Syarat itu berlaku untuk semua segmen kepesertaan mulai dari yang dibiayai oleh perusahaan (PPU), pemerintah (PBI), maupun mandiri (PBPU).

Namun, bagi peserta JKN dengan status anak yang orangtuanya bercerai mungkin bingung, bagaimana status kepesertaan BPJS Kesehatannya.

Seperti yang ditanyakan seorang warganet melalui akun media sosial X (Twitter) @tanya***, Sabtu (7/9/2024).

""Jadi, ibu gua dan ayah cerai. Terus, beberapa waktu lalu gua sering pake BPJS (kelas 3) yang didapat dari tempat kerja ayah. Kalau mereka cerai kan otomatis ibu buat KK baru (gua dan adik ikut ibu), berati untuk ibu, gua, dan adik BPJS-nya udah ga berlaku, ya?"", tanya wargent.

Lantas, bagaimana status BPJS Kesehatan bagi anak yang orangtuanya cerai?

Baca juga: Bisakah Peserta BPJS Kesehatan Pindah ke PBI jika Punya Tunggakan?

Status BPJS Kesehatan untuk pasangan cerai

Asisten Deputi Bidang Komunikasi Publik dan Hubungan Masyarakat BPJS Kesehatan, Rizzky Anugerah menjelaskan, peserta JKN yang sudah bercerai dan pecah KK, maka status BPJS Kesehatan anggota keluargnya berubah menjadi non-aktif.

""Apabila suami telah pisah KK dan sudah melaporkan ke HRD tidak menanggung lagi istri dan anak-anaknya, maka kepesertaan istri dan anak-anaknya akan non-aktif,"" jelas Rizzky saat dihubungi Kompas.com, Sabtu (14/9/2024).

Lebih lanjut ia menyampaikan, kepesertaan JKN masih bisa diaktifkan kembali jika mantan istri dan anak tersebut beralih menjadi peserta pekerja bukan penerima upah (PBPU) atau mandiri.

Namun, anak yang bisa beralih kepesertaan menjadi mandiri adalah mereka yang sudah berusia lebih dari 21 tahun.

Kecuali, jika anak tersebut masih menempuh pendidikan di perguruan tinggi, maka anak dapat ditanggung orangtua hingga batas usia 25 tahun.

""Anak masih bisa menjadi tanggungan orangtua hingga usia maksimal 25 tahun dengan melampirkan surat keterangan kuliah,"" tambah Rizzky.

Baca juga: Punya 2 Kartu BPJS Ketenagakerjaan, Bisakah Dicairkan Salah Satunya?

Rizzky menjelaskan, mantan istri atau anak yang berusia lebih dari 21 tahun dapat melapor ke kantor BPJS Kesehatan untuk memperbarui status kepesertaannya.

Berkas yang harus dilampirkan antara lain, Kartu Tanda Penduduk (KTP), KK, buku rekening, serta formulir yang nantinya disediakan oleh petugas.

Selain itu, laporan juga bisa dilakukan secara online melalui aplikasi Mobile JKN. Berikut cara mengubah data kepesertaan di Mobile JKN:

Mengunduh aplikasi Mobile JKN di Play Store atau App Store

Login dan isi sesuai dengan data pribadi

Klik ""Perubahan Data Peserta"" pada menu

Pilih nama peserta yang akan diubah datanya

Selanjutnya pilih bagian ""Segmen Peserta""

Halaman akan menampilkan segmen peserta saat ini dan segmen tujuan

Selanjutnya, akan baca dan pahami syarat serta ketentuan yang muncul lalu centang setuju

Selesaikan alur pendaftaran autodebet sesuai bank atau non-bank yang dituju

Tentukan kelas rawat dan simpan data.

Baca juga: BPJS Kesehatan Tiba-tiba Tidak Aktif, Berikut 4 Penyebab dan Cara Mengaktifkannya";2024-09-15;Cara pindah BPJS PPU ke mandiri, sudah cerai apakah bpjs masih berlaku, BPJS Kesehatan, status bpjs kesehatan pasangan cerai, cara pindah bpjs ppu ke mandiri
Attention Required!;https://www.rri.co.id/daerah/973709/pemkab-madina-sosialisasikan-bpjs-universal-health-coverage;"Why have I been blocked?

This website is using a security service to protect itself from online attacks. The action you just performed triggered the security solution. There are several actions that could trigger this block including submitting a certain word or phrase, a SQL command or malformed data.";2024-09-15;
Sinergi dengan TNI, BPJS Kesehatan Perkuat Layanan Kesehatan Bagi Seluruh Prajurit;https://toraja.tribunnews.com/2024/09/15/sinergi-dengan-tni-bpjskesehatan-perkuat-layanan-kesehatan-bagi-seluruh-prajurit;"TRIBUNTORAJA.COM, MAKASSAR - Perjalanan satu dekade Program Jaminan Kesehatan Nasional (JKN) memiliki tantangan sendiri, khususnya dalam menghadirkan kualitas pelayanan yang prima.

Dengan pertumbuhan jumlah kepesertaan JKN, tuntutan kebutuhan peserta dalam mendapatkan jaminan hingga pelayanan kesehatan juga kian meningkat.

Hingga 1 September 2024, jumlah kepesertaan Program JKN telah mencapai 277 juta jiwa atau 98,67 persen dari total penduduk Indonesia.

Bukan hanya dari sisi kepesertaan, jumlah mitra fasilitas kesehatan dan juga beragam inovasi kian bertambah untuk memenuhi kebutuhan peserta dalam mempermudah akses bagi peserta dalam mendapatkan layanan kesehatan.

“Meski capaian cakupan kepesertaa JKN telah tercapai sesuai dengan yang diamanatkan RPJMN, kami sadar tentu banyak hal yang menjadi perhatian kami, peningkatan dari berbagai sisi selalu kami upayakan untuk meningkatkan kepercayaan dan keyakinan masyarakat terhadap Program JKN,” jelas Direktur Kepesertaan BPJS Kesehatan, David Bangun, pada kegiatan Sarasehan dengan Anggota TNI di Sulawesi Selatan, Kamis (12/9/2024).

David mengungkapkan, dengan manfaat yang diberikan, seluruh peserta JKN, berhak mendapatkan hak yang sama dalam penjaminan terhadap pelayanan kesehatan, baik tindakan promotif, preventif, kuratif dan rehabilitatif.

Baca juga: Pelayanan Kanal Non Tatap Muka BPJS Kesehatan Permudah Peserta JKN di Toraja

Begitu juga dengan seluruh prajurit Tentara Nasional Indonesia (TNI), mereka dan seluruh anggota keluarganya pun berhak mendapatkan penjaminan dan akses pelayanan kesehatan yang sama.

Untuk mendukung akses pelayanan kesehatnnya, saat ini BPJS Kesehatan telah bekerja sama dengan 685 fasilitas kesehatan milik TNI, yang tediri dari 570 klinik pratama dan 115 rumah sakit.

Harapannya, dengan adanya perluasan akses fasilitas kesehatan dan manfaat penjaminan pelayanan kesehatan bagi prajurit TNI, hal ini bisa mendukung tugas pokok dan fungsi TNI.

Baca juga: BPJS Kesehatan Makale dan UKI Toraja Teken PKS, Pastikan Civitas Aktif Program JKN";2024-09-15;Tips Kecantikan, Badan Penyelenggara Jaminan Sosial, BPJS Kesehatan, Body Care, Program JKN, Home Product, Tips Kesehatan, Tips Home Care, Jaminan Kesehatan Nasional (JKN), TNI
Bersilaturahmi dengan Guru Ngaji, Kang DS Paparkan Manfaat BPJS Kesehatan dan Ketenagakerjaan;https://www.kompas.tv/regional/538445/bersilaturahmi-dengan-guru-ngaji-kang-ds-paparkan-manfaat-bpjs-kesehatan-dan-ketenagakerjaan;"Kompas.tv - 15 September 2024, 21:47 WIB

KAB. BANDUNG, KOMPAS.TV - Bupati Bandung Dadang Supriatna menjalin silaturahmi dengan para guru ngaji dari kalangan ulama maupun kiai, ustadz dan ustadzah di GOR Hegar, Jalan Raya Pacet No.83 Desa Maruyung, Kecamatan Pacet Kabupaten Bandung, Minggu (15/9/2024).

""Semoga silaturahmi ini dijadikan silaturahmi yang hakiki hingga di yaumil qiyamah,"" harap Bupati Bandung.

Dadang Supriatna pun mengucapkan terima kasih kepada para guru ngaji di Kabupaten Bandung, khususnya di Kecamatan Pacet yang mencapai sekitar 860 orang. Berdasarkan data, guru ngaji yang paling banyak itu di Kecamatan Pacet setelah Kecamatan Baleendah.

""Kenapa saya memperhatikan guru ngaji, karena saya ingat saat jadi Kepala Desa Tegalluar tahun 1998. Saat itu kepala desa tak punya uang. Tetapi saya sudah memperhatikan ustad/ustadzah, setiap bulan saya berusaha menganggarkan untuk perangkat desa, RT, RW, termasuk guru ngaji,"" katanya.

Saat itu, imbuh Kang DS, sapaan akrab Dadang Supriatna, ada seorang ustadz sakit kemudian dibawa berobat ke RS Hasan Sadikin Bandung.

""Begitu sudah sehat, istrinya datang ke rumah. Kata istri Ustadz, 'Pak Lurah Pa Ustadz atos damang. Tapi teu tiasa uih. Teu gaduh artos'. Saa itu tak ada BPJS maupun SKTM,"" kata Kang DS mengisahkan.

Akhirnya Kang DS, saat itu membantu pengurusan kepulangan ustadz dari RS Hasan Sadikin Bandung, setelah kembali sehat setelah menjalani pengobatan di rumah sakit tersebut.

Saat pulang dari rumah sakit, hati Kang DS berbicara, ""Ya Allah lamun hiji waktu simkuring dipaparin amat jadi Bupati, maka guru ngaji lain saukur sa-desa, tapi sa-Kabupaten Bandung akan diberikan perhatian insentif,"" ujarnya.

Kang DS pun sempat ditanya oleh alm Ketua PC NU Kabupaten Bandung KH. Asep Jamaludin saat hendak mencalonkan Bupati Bandung beberapa tahun lalu. KH. Asep bertanya kepada Kang DS, kenapa ingin mencalonkan Bupati Bandung. Saat itu, Kang DS menjawab ingin memuliakan guru ngaji dan ingin masuk surga.

Maka begitu terpilih jadi Bupati Bandung, imbuhnya, Pemkab Bandung menganggarkan sebesar Rp 109 miliar untuk program guru ngaji untuk kuota 17.000 orang. Meski anggarannya cukup fantastis dan terbesar se-Indonesia, tidak ada program lain di lingkungan Pemkab Bandung yang dicoret.

""Ada hikmah memuliakan para ulama itu. Pendapatan Asli Daerah (PAD) Kabupaten Bandung yang asalnya Rp 960 miliar, sekarang sudah mencapai Rp 1,4 triliun. APBD Kabupaten Bandung yang awalnya Rp 4,6 triliun, naik jadi Rp 7,51 triliun. Itu selama 3,4 tahun saya menjabat Bupati Bandung,"" kata Bupati Bedas sembari disambut tepuk tangan oleh ratusan guru ngaji.";2024-09-15;dadang supriatna, kompastv bandung, bupati bandung, program kabupaten bandung, berita bandung, bpjs
Attention Required!;https://www.rri.co.id/daerah/973674/ngobrol-bareng-media-bpjs-kesehatan-infokan-perkembangan-kegiatan;"Why have I been blocked?

This website is using a security service to protect itself from online attacks. The action you just performed triggered the security solution. There are several actions that could trigger this block including submitting a certain word or phrase, a SQL command or malformed data.";2024-09-14;
Rasa kagum Jabir yang terlindungi kesehatannya oleh program JKN;https://manado.antaranews.com/berita/261447/rasa-kagum-jabir-yang-terlindungi-kesehatannya-oleh-program-jkn;"Jabir Lamataya (64), pensiunan Pegawai Negeri Sipil, yang tinggal di Jl. Imam Bonjol, Kelurahan Bungin Timur, Luwuk, Banggai, Sulawesi Tengah telah merasakan banyak kemudahan yang dihadirkan oleh BPJS Kesehatan untuk dirinya dan keluarga.

Jabir terdaftar sejak masih aktif sebagai Pegawai Negeri Sipil. Ia menceritakan pengalaman yang dirasakan selama terdaftar sebagai peserta Jaminan kesehatan Nasional (JKN) BPJS Kesehatan dan sebagai peserta prolanis di Puskesmas Kampung Baru.

“Saya terdaftar sebagai anggota Prolanis di Puskesmas Kampung Baru dan saat ini saya menderita hipertensi. Jadi setiap seminggu sekali rutin mengikuti rangkaian kegiatan Prolanis mulai dari senam sampai dengan pemeriksaan darah,"" katanya.



D ia juga diberikan obat untuk setiap satu bulan dan setiap enam bulan periksa darah secara keseluruhan dimana semuanya diberikan tanpa mengeluarkan biaya sama sekali.

Meski Jabir tidak memiliki riwayat diabetes, namun terkadang juga ia meminta untuk diperiksa gula darah, karena pada beberapa kondisi, dirinya merasa ada yang aneh terjadi pada tubuhnya, seperti luka yang tidak kunjung sembuh.



Jabir mengungkapkan bahwa pelayanan yang dihadirkan oleh BPJS kesehatan semakin meningkat setiap tahunnya, terutama dalam hal kemudahan akses pelayanan kesehatan di Fasilitas Kesehatan yang secara langsung ia rasakan perbedaannya.

“Alhamdulillah untuk pelayanan dari tahun ke tahun semakin meningkat. Saya menjadi salah satu orang yang merasakan perubahan tersebut, dimana beberapa tahun lalu untuk mendapatkan pelayanan persyaratan yang diminta begitu banyak mulai dari kartu JKN, Kartu Keluarga (KK) dan lain-lain. Tapi, sekarang kalau saya lupa membawa kartu kepesertaan JKN, saya cukup menunjukkan KTP dan bisa langsung dilayani,” ungkap Jabir.

Jabir merasa sangat kagum dengan BPJS Kesehatan yang menanggung pembiayaan terkait tindakan operasi beberapa jenis penyakit.

Salah satunya adalah operasi batu ginjal yang pernah dilakukan oleh istrinya beberapa tahun silam. Berkat adanya BPJS Kesehatan, ia sama sekali tidak dibebani biaya saat mengakses pelayanan kesehatan.

“Yang saya kagum dari BPJS Kesehatan adalah bisa meng-cover semua penyakit mulai dari penyakit ringan sampai penyakit berbahaya dan mematikan. Dulu istri saya pernah dilakukan operasi batu ginjal di rumah sakit dan tidak ada sepeserpun biaya yang saya keluarkan untuk dibayar di rumah sakit,"" katanya.





Selain memastikan dirinya memiliki jaminan kesehatan, Jabir juga selalu memastikan anak-anaknya yang kini bukan menjadi tanggungannya lagi untuk terdaftar BPJS Kesehatan, agar senantiasa merasa aman dalam menghadapi berbagai situasi kesehatan yang tidak terduga.

“Saya selalu sampaikan kepada anak-anak saya bahwa penting sekali untuk mempunyai BPJS Kesehatan, karena jika seandainya kita sakit itu yang menjadi masalah terlebih lagi jika kita tidak punya tabungan sebagai pegangan,” cerita Jabir.

Jabir mengharapkan agar Program JKN senantiasa berkelanjutan dalam memberikan perlindungan kesehatan kepada seluruh masyarakat Indonesia.

Cerita Jabir menunjukkan bahwa pentingnya untuk memastikan diri memiliki jaminan kesehatan. Jaminan kesehatan saat ini merupakan kebutuhan yang wajib dimiliki oleh setiap orang guna memastikan diri dan keluarga terlindungi dari kondisi kesehatan yang tidak terduga kapanpun dan di manapun.

Manado (ANTARA) -Berita ini telah tayang di Antaranews.com dengan judul:";2024-09-14;
Attention Required!;https://www.rri.co.id/semarang/kesehatan/972772/peran-bpjs-satu-jembatan-antara-pasien-dan-rumah-sakit;"Why have I been blocked?

This website is using a security service to protect itself from online attacks. The action you just performed triggered the security solution. There are several actions that could trigger this block including submitting a certain word or phrase, a SQL command or malformed data.";2024-09-14;
Pasien BPJS Bisa Naik Satu Kelas Tanpa Biaya Bila Kamar RS Penuh, Ini Syaratnya;https://health.detik.com/berita-detikhealth/d-7539469/pasien-bpjs-bisa-naik-satu-kelas-tanpa-biaya-bila-kamar-rs-penuh-ini-syaratnya;"Pasien BPJS yang mendatangi fasilitas kesehatan dan kesulitan mendapatkan ruang rawat inap sesuai hak kepesertaan, bisa naik kelas sementara satu tingkat lebih tinggi tanpa membayar biaya selisih. Hal ini sejalan dengan Permenkes No 28 Tahun 2014.

""Dalam hal ruang rawat inap yang menjadi hak peserta penuh, peserta dapat dirawat di kelas perawatan satu tingkat lebih tinggi, paling lama tiga hari,"" demikian bunyi regulasi tersebut.

Asisten Deputi Bidang Komunikasi Publik dan Hubungan Masyarakat BPJS Kesehatan, Rizzky Anugerah menjelaskan artinya, peserta kelas 3 bisa saja dirawat di kelas 2 untuk sementara waktu, sampai ruang rawat inap kelas 3 sesuai hak kepesertaan pasien kembali tersedia.

ADVERTISEMENT SCROLL TO CONTINUE WITH CONTENT

""Apabila masih belum ada ruangan sesuai haknya, maka peserta ditawarkan untuk dirujuk ke fasilitas kesehatan lain yang setara,"" terang Rizzky kepada detikcom Kamis (12/9/2024).

Hal ini menurutnya tidak berlaku pada peserta kelas 1 untuk naik ke VIP. Namun, peserta kelas 2 masih memungkinkan untuk berpindah ke kelas 1 saat ruangan penuh.

Perlu dicatat, naik kelas tanpa biaya selisih hanya berlaku saat ruang rawat inap penuh. Berbeda kala pasien memilih meningkatkan kelas perawatan atas permintaan sendiri, RS disebut Rizzky wajib memberikan informasi mengenai biaya yang harus dikeluarkan sebagai peningkatan kelas perawatan.

""Peserta JKN (kecuali peserta dalam pasal 51 ayat 3 Pepres 59/2024) menginginkan kenaikan kelas perawatan atas permintaan sendiri, peserta atau anggota keluarga harus menandatangani surat pernyataan tertulis dan selisih biaya menjadi tanggung jawab peserta,"" terang dia.

Ketentuan tersebut dikecualikan bagi peserta JKN berikut:

Peserta Penerima Bantuan Iuran (PBI)

Peserta Bukan Pekerja (BP) dengan manfaat pelayanan di ruang perawatan kelas 3

Peserta Pekerja Bukan Penerima Upah (PBPU) dengan manfaat pelayanan di ruang perawatan kelas 3

Pekerja Penerima Upah (PPU) yang mengalami pemutusan hubungan kerja dan anggota keluarganya

Peserta yang didaftarkan oleh pemerintah daerah.

""Apabila pasien JKN mengalami kendala atau memerlukan informasi lebih lanjut, maka dapat menyampaikannya kepada BPJS Kesehatan Siap Membantu (BPJS SATU) di rumah sakit. Foto dan nomor kontaknya pun sudah terpasang di rumah sakit. Selain itu, peserta JKN juga dapat menyampaikannya melalui chat Whatsapp (PANDAWA) di nomor 08118165165, Aplikasi Mobile JKN, dan BPJS Kesehatan Care Center 165,"" pungkasnya.";2024-09-14;syarat pasien bpjs, peserta jkn, naik kelas perawatan, bpjs kesehatan, ruang rawat inap
Ibu Bayi Berkelamin Ganda Jadi Korban Penipuan Oknum Berkedok Pegawai BPJS;https://sumsel.suara.com/read/2024/09/14/123439/ibu-bayi-berkelamin-ganda-jadi-korban-penipuan-oknum-berkedok-pegawai-bpjs;"SuaraSumsel.id - Keluarga bayi berkelamin ganda di Palembang, Sumatera Selatan (Sumsel) tidak hanya membutuhkan uluran tangan. Namun ada upaya penipuan dalam pembuatan jaminan kesehatan, BPJS.

Hal ini diungkapkan sang ibu bayi tersebut, Elin Tri Utami. Dia menceritakan menjadi korban penipuan oknum yang mengaku sebagai pegawai BPJS Kesehatan Palembang saat mendatangi mall pelayanan publik milik Pemerintah Kota (Pemkot) Palembang.

""Saat akan mengurus BPJS Kesehatan, saya bertemu dengan seorang perempuan yang mengaku sebagai pegawai BPJS Kesehatan Palembang,” kata Elin kepada awak media belum lama ini.

Dia menceritakan jika perempuan tersebut menawarkan bantuan membuat kartu BPJS atau KIS agar anaknya bisa segera berobat. Saat itu, Elin menyerahkan uang Rp 1 juta namun sampai kekinian kartu jaminan kesehatan tersebut tidak juga diperolehnya.

Baca Juga:Dilema Kesehatan Sumsel: Formasi Dokter Spesial Kosong, Gaji Swasta Menggiurkan?

""Sampai sekarang, saya belum mendapat kabar apapun dari perempuan,"" ucap sang ibu.

Menanggapi hal ini, pihak BPJS Kesehatan Palembang memastikan jika upaya penipuan tersebut tidak dibenarkan.

Kepala Bagian SDM Umum Komunikasi BPJS Kesehatan Cabang Palembang Hendra Kurniawan memastikan jika tidak ada pihak pegawainya dengan upaya penipuan tersebut.

“Ini merupakan oknum lain atau calo yang melakukan penipuan kepada pihak korban tersebut,” tegas Hendra Kurniawan melansir sumselupdate.com-jaringan Suara.com.

“Selanjutnya, pihak kami juga merencanakan akan melaporkan oknum yang mengatasnamakan pegawai BPJS Kesehatan sudah melakukan penipuan terhadap korban,” ungkap Hendra Kurniawan seraya menghimbau kepada masyarakat Kota Palembang agar langsung daftar pihak Dinsos secara gratis,

Baca Juga:Innalillahi, Maestro Tari Palembang Anna Kumari Berpulang

""Semua adminitrasinya tidak dipungut biaya apapun,” ucap Hendra menegaskan.";2024-09-14;# sumsel, BPJS Kesehatan, bayi, # Bayi Berkelamin Ganda, Palembang, # palembang, Sumsel, # BPJS Kesehatan, # bayi, # bpjs kesehatan
Petugas BPJS Kesehatan siaga di RS, siap bantu pasien;https://jateng.antaranews.com/berita/549151/petugas-bpjs-kesehatan-siaga-di-rs-siap-bantu-pasien;"Semarang (ANTARA) - Peserta Jaminan Kesehatan Nasional (JKN) saat ini bisa memanfaatkan akses informasi melalui petugas BPJS SATU (Siap Membantu) bila memerlukan informasi maupun menemui kendala saat mengakses pelayanan kesehatan di rumah sakit.

BPJS Satu merupakan petugas BPJS Kesehatan yang memiliki tugas khusus memberikan informasi dan menangani pengaduan para peserta JKN atas kendala pelayanan kesehatan yang ada di rumah sakit.

Program layanan BPJS SATU ini merupakan sebuah optimalisasi dari peran Petugas Pemberian Informasi dan Penanganan Pengaduan (PIPP) di rumah sakit.



Keberadaan petugas PIPP di rumah sakit ini bermanfaat sebagai jembatan antara pasien dengan pihak rumah sakit. Hal ini tentu memudahkan bagi para pasien khususnya Peserta JKN atau pihak rumah sakit.

“Jadi setiap rumah sakit yang telah bekerja sama dengan BPJS Kesehatan, kami pastikan sudah ada petugas BPJS SATU. Peserta dapat menghubungi petugas BPJS SATU melalui nomor telepon yang tertera pada poster yang dipasang di lokasi-lokasi strategis seperti ruang pendaftaran rawat jalan, rawat inap maupun Instalasi Gawat Darurat masing-masing rumah sakit,” ucap Kepala BPJS Kesehatan Cabang Semarang, Fitria Nurlaila Pulukadang, Jumat (13/9).

Selain itu, Petugas BPJS SATU secara rutin juga melakukan customer visit di rumah sakit untuk memotret pelayanan kesehatan yang diterima oleh peserta JKN telah sesuai dengan haknya. Selain mengunjungi pasien secara langsung, peserta yang ingin menemui secara langsung ,juga dapat mengakses loket pelayanan informasi di seluruh rumah sakit difungsikan untuk memaksimalkan pemberian informasi bagi peserta yang membutuhkan dan penanganan pengaduan yang terjadi di rumah sakit.

“BPJS Kesehatan juga dibantu oleh Petugas PIPP yang ditunjuk dari masing-masing rumah sakit, sehingga peserta akan memperoleh kemudahan dari dua sisi. Hal tersebut guna menciptakan koordinasi yang cepat antara pihak BPJS Kesehatan, rumah sakit maupun peserta JKN,” tambah Fitria.

Dengan adanya petugas PIPP yang saling berkoordinasi dengan petugas BPJS SATU kebutuhan peserta akan tertangani lebih cepat, Sehingga masyarakat yang sedang sakit tidak perlu lagi khawatir dan bingung. Jika ada keluhan segera cari petugas PIPP di rumah sakit ataupun menghubungi nomor yang telah tersedia.

Peserta JKN juga dapat memanfaatkan layanan kesehatan lainnya yang telah disediakan oleh BPJS Kesehatan, salah satunya layanan online seperti Aplikasi Mobile JKN, Pelayanan Administrasi melalui Whatsapp (Pandawa) 08118165165 serta BPJS Kesehatan Care Center 165.

“Kami berharap, dengan adanya berbagai inovasi dan akses layanan yang dapat dipilih oleh peserta, diharapkan proses pelayanan kesehatan menjadi lebih efisien dan peserta merasa lebih nyaman dan terlayani dengan baik,’ ujarnya.

Salah satu peserta yang merasa terbantu dengan hadirnya BPJS SATU adalah Sri Mulyani (35) warga Gayamsari, Kota Semarang. Menurutnya petugas BPJS SATU yang bertugas di rumah sakit sangat sigap dalam memberikan penjelasan yang ia butuhkan.

“Kebetulan, saat akan melakukan pendaftaran poli disampaikan kartu saya non aktif. Mungkin saya yang terlupa untuk membayarkan iuran karena kesibukan, padahal saya selalu rutin. Memang dari petugas rumah sakit sudah menjelaskan namun saya juga ingin mengetahui dari petugas BPJS Kesehatan, karena infonya ada aturan terkait denda layanan,” ucapnya.

Sri mengaku, Petugas BPJS SATU menjelaskan secara runtut ketentuan denda layanan di rumah sakit karena status kepesertaan Merlina sebelumnya non aktif akibat tunggakan iuran. Menurut petugas BPJS SATU, denda layanan ini hanya berlaku saat mengakses layanan rawai inap di rumah sakit setelah peserta JKN sudah melunasi seluruh tunggakannya. Masa denda layanan tersebut berlaku selama 45 hari setelah peserta melunasi seluruh tunggakannya.

“Bahkan Petugas BPJS SATU juga menyarankan saya untuk mengajukan proses autodebet, untuk meminimalisir saya terlupa membayar iuran. Juga, petugas juga mengajari saya mengunduh Aplikasi Mobile JKN, disitu saya jadi tahu dan bisa mengecek keaktifan kartu saya,” ucapnya.

“Saya sangat terbantu dengan petugas BPJS Satu. Mereka dapat memberikan penjelasan secara utuh pelayanan disini dan memastikan saya mendapatkan informasi yang saya butuh dengan cepat,"" ujar Sri. ***";2024-09-14;
Cara Cek Rumah Sakit Rujukan BPJS Kesehatan Online 2024;https://finance.detik.com/moneter/d-7537209/cara-cek-rumah-sakit-rujukan-bpjs-kesehatan-online-2024;"Peserta BPJS Kesehatan bisa mengetahui daftar rumah sakit yang menjadi rujukan, atau yang fasilitas kesehatan (faskes) lain yang telah bekerjasama dengan BPJS secara online.

Semua data yang dibutuhkan bisa dicek pada laman resmi BPJS Kesehatan. Simak langkah-langkah cek rujukan BPJS online 2024 di bawah ini.

Cek Rumah Sakit Rujukan BPJS Online

Buka laman bpjs-kesehatan.go.id

Pilih menu ""Fasilitas Kesehatan"" di halaman utama

Pada menu Navigasi, klik ""Dashboard""

Pilih Provinsi

Pilih Jenis Faskes ""Rumah Sakit""

Jika sudah, klik tombol ""Cari Faskes""

Informasi rumah sakit akan muncul pada peta lokasi. Lalu, gunakan fitur zoom in dan zoom out untuk mencari rumah sakit terdekat di daerah kamu.

Tampilan peta rujukan rumah sakit BPJS Kesehatan. Foto: Tangkapan layar situs BPJS Kesehatan.

Akan ada informasi juga pada simbol RS yang belum melakukan bridging ketersediaan kamar (berwarna merah). Sementara, RS yang sudah melakukan bridging ketersediaan kamar akan berwarna hijau pada peta.

ADVERTISEMENT SCROLL TO CONTINUE WITH CONTENT

Cek Rumah Sakit Rujukan BPJS Kesehatan

Apabila mengalami kesulitan pada cara sebelumnya, kamu juga bisa mencari rumah sakit yang telah bekerja sama dengan BPJS Kesehatan dengan cara berikut.

Buka laman bpjs-kesehatan.go.id/bpjs

Pilih ""Fasilitas Kesehatan""

Klik ""Ketersediaan Faskes""

Pilih Provinsi

Pilih Kabupaten/Kota

Pilih ""Rumah Sakit"" di bagian jenis faskes

Pilih ""Faskes Kerjasama""

Klik tombol ""Cari Faskes""

Arahkan kursor pada peta, lalu gunakan fitur zoom in dan zoom out untuk melihat rumah sakit yang telah bekerjasama dengan BPJS Kesehatan.

Nantinya ada informasi terkait warna simbol rumah sakit yang sudah bekerja sama (hijau), dalam proses kerjasama (kuning), hingga faskes yang belum bekerjasama (merah) dengan BPJS Kesehatan.

ADVERTISEMENT

Apa yang Dilakukan Setelah Dapat Surat Rujukan?

Surat rujukan biasanya akan diberikan setelah pemeriksaan pada faskes tingkat 1. Peserta BPJS yang sakit harus berobat dulu ke faskes tingkat 1 yakni Puskesmas, Praktik Dokter, Klinik Pertama, atau Rumah Sakit Kelas D.

Jika sudah mendapat rujukan, segeralah kunjungi rumah sakit rujukan BPJS. Peserta BPJS Kesehatan bisa diberi meminta rujukan lebih lanjut untuk mendapatkan perawatan faskes tingkat kedua berupa dokter spesialis.

Kita juga bisa memilih rumah sakit rujukan BPJS Kesehatan. Nantinya, peserta perlu mengajukan penggantian lokasi rumah sakit.

Itu tadi penjelasan mengenai cek rumah sakit rujukan BPJS yang bisa kamu pilih. Dengan begitu, kita tidak perlu lagi menghabiskan waktu untuk mencari informasi secara manual atau menghubungi berbagai pihak.";2024-09-13;rafael alun trisambodo, subsidi kendaraan listrik, jkn, layanan kesehatan, fasilitas kesehatan, karen agustiawan, dmentor, dito ariotedjo, asuransi kesehatan
Bisakah Peserta BPJS Kesehatan Pindah ke PBI jika Punya Tunggakan? Halaman all;https://www.kompas.com/tren/read/2024/09/12/153000965/bisakah-peserta-bpjs-kesehatan-pindah-ke-pbi-jika-punya-tunggakan?page=all;"KOMPAS.com - Setiap warga negara Indonesia (WNI) wajib menjadi peserta Jaminan Kesehatan Nasional (JKN) BPJS Kesehatan.

Ketentuan ini tertuang dalam Pasal 6 Peraturan Presiden (PP) Nomor 59 Tahun 2024 tentang Perubahan Ketiga atas Peraturan Presiden Nomor 82 Tahun 2018 tentang Jaminan Kesehatan.

Kepesertaan BPJS Kesehatan dibagi menjadi dua:

Peserta Penerima Bantuan Iuran (PBI) yang iurannya dibayarkan oleh pemerintah dan Peserta Bukan Penerima Bantuan Iuran (non-PBI) atau mandiri yang iurannya dibayarkan masing-masing individu atau perusahaan setiap bulannya.

Peserta BPJS Kesehatan PBI ditujukan untuk masyarakat miskin yang didukung dengan bukti data dari dinas sosial.

Sementara itu, masyarakat yang memiliki penghasilan dapat mendaftarkan diri ke BPJS Kesehatan mandiri.

Lantas, bisakah peserta BPJS Kesehatan mandiri beralih ke PBI jika masih memiliki tunggakan iuran yang belum dilunasi?

Baca juga: Perusahaan Hanya Beri BPJS Kesehatan tanpa BPJS Ketenagakerjaan, Apakah Boleh?





Penjelasan BPJS Kesehatan

Asisten Deputi Bidang Komunikasi Publik dan Hubungan Masyarakat BPJS Kesehatan Rizzky Anugerah mengatakan, peserta BPJS Kesehatan mandiri yang masih memiliki tunggakan bisa beralih menjadi peserta PBI yang iurannya dibiayai pemerintah.

""Jika ada masyarakat yang terkendala ekonomi dalam melakukan pembayaran iuran JKN setiap bulannya, maka yang bersangkutan bisa mengajukan diri sekeluarga menjadi peserta PBI,"" ujarnya kepada Kompas.com, Rabu (11/9/2024).

Akan tetapi, sesuai regulasi yang ada, tunggakan peserta yang bersangkutan saat masih menjadi peserta PBPU/mandiri masih tercatat sebagai piutang.

“Jadi tunggakan yang menjadi kewajiban pada saat segmen PBPU/mandiri tidak otomatis dihapus, melainkan masih tercatat sebagai piutang,” kata dia.

Rizzky menegaskan, peserta PBPU/mandiri yang menunggak iuran paling lambat harus melunasi tunggakannya dalam kurun waktu 6 bulan setelah mereka beralih ke segmen PBI JK atau PBPU Pemda.

Baca juga: BPJS Kesehatan Tiba-tiba Tidak Aktif, Berikut 4 Penyebab dan Cara Mengaktifkannya

Syarat peserta BPJS Kesehatan mandiri pindah ke PBI

Rizzky menjelaskan, cara pengajuan untuk penggantian status kepesertaan BPJS Kesehatan mandiri ke PBI dapat dilakukan secara langsung melalui Kantor Dinas Sosial setempat.

Peserta yang bersangkutan harus melampirkan beberapa dokumen sebagai berikut:

Kartu Keluarga (KK)

Nomor Induk Kependudukan (NIK) atau Kartu Tanpa Penduduk (KTP)

Harus terdaftar Data Terpadu Kesejahteraan Sosial (DTKS).

Perlu diketahui, proses perubahan status kepesertaan BPJS Kesehatan mandiri ke PBI bisa memakan waktu beberapa hari hingga beberapa minggu.

Sebab, hal tersebut tergantung pada kecepatan proses di kantor BPJS Kesehatan dan koordinasi dengan lembaga terkait.

Untuk mengetahui apakah sudah terdaftar dalam DTKS, peserta dapat melakukan pengecekan penerima BPJS Kesehatan PBI melalui laman resmi DTKS.

Cara cek peserta BPJS Kesehatan PBI:

Kunjungi laman https://cekbansos.kemensos.go.id

Masukkan wilayah penerima terdiri dari provinsi, kabupaten, kecamatan, dan desa/kelurahan

Masukkan nama penerima manfaat sesuai KTP

Masukkan kode captcha, kemudian klik ""Cari Data"". Sistem akan mencari nama penerima manfaat yang diinputkan.

Peserta yang sudah terdaftar juga bisa melakukan penggantian, penghapusan, atau penambahan kepesertaan BPJS Kesehatan PBI.

Penggantian itu akan diverifikasi dan divalidasi oleh Menteri Sosial. Kemudian ditetapan setelah berkoordinasi dengan Menteri Keuangan dan menteri atau pimpinan lembaga terkait.

Baca juga: Jika Kamar Penuh, Pasien BPJS Kesehatan Berhak Dititipkan di Kelas Lebih Tinggi Tanpa Biaya Tambahan";2024-09-13;BPJS Kesehatan, BPJS Kesehatan PBI, punya tunggakan iuran bpjs kesehatan, bpjs kesehatan mandiri, ganti kepesertaan bpjs kesehatan mandiri ke pbi, pergantian BPJS Kesehatan mandiri ke PBI, BPJS Kesehatan mandiri
Attention Required!;https://www.rri.co.id/kesehatan/964266/persi-bengkulu-dorong-pelayanan-rsud-dan-bpjs-kesehatan;"Why have I been blocked?

This website is using a security service to protect itself from online attacks. The action you just performed triggered the security solution. There are several actions that could trigger this block including submitting a certain word or phrase, a SQL command or malformed data.";2024-09-10;
HUT Ke-56, BPJS Kesehatan Harap Prolanis Day Dorong Kualitas Hidup Peserta;https://news.detik.com/berita/d-7441869/hut-ke-56-bpjs-kesehatan-harap-prolanis-day-dorong-kualitas-hidup-peserta;"BPJS Kesehatan menggelar acara Senam Bersama Peserta Program Pengelolaan Penyakit Kronis (Prolanis Day). Kegiatan ini digelar dalam rangka Hari Ulang Tahun ke-56 BPJS Kesehatan sekaligus satu dekade Program Jaminan Kesehatan Nasional (JKN) yang menjadi tonggak penting dalam sejarah pelayanan kesehatan di Indonesia.

Kepala Hubungan Masyarakat BPJS Kesehatan Rizzky Anugerah mengungkapkan Prolanis Day yang digelar 13-14 Juli 2024 ini bertujuan meningkatkan kualitas hidup para peserta yang mengidap penyakit kronis.

""Melalui kegiatan ini, harapannya dapat mendorong peserta Prolanis untuk mencapai kualitas hidup yang optimal. Indikator keberhasilan yang ingin dicapai adalah 75% peserta terdaftar yang berkunjung ke Fasilitas Kesehatan Tingkat Pertama (FKTP) memiliki predikat baik pada pemeriksaan spesifik terhadap penyakit diabetes miletus tipe 2 dan hipertensi, sehingga dapat mencegah timbulnya komplikasi penyakit,"" ujar Rizzky dalam keterangan tertulis, Selasa (16/7/2024).

ADVERTISEMENT SCROLL TO CONTINUE WITH CONTENT

Ia menjelaskan Prolanis Day dilaksanakan di lokasi Car Free Day yang tersebar di 12 kota/kabupaten di 12 provinsi, antara lain Kota Mamuju, Kota Denpasar, Kota Sumedang, Kota Kisaran, Kota Langsa, Kota Palangkaraya, Kota Serang, Kota Dumai, Kota Pontianak, Kota Padang, Kota Makassar, dan Kota Kupang.

Adapun pemilihan lokasi ini didasarkan pada upaya untuk menjangkau lebih banyak peserta dan masyarakat luas. Dengan begitu, pesan tentang pentingnya gaya hidup sehat dapat tersampaikan dengan lebih efektif.

ADVERTISEMENT

Pihaknya memperkirakan peserta yang hadir di Prolanis Day mencapai 2.500 orang. Acara ini tidak hanya dihadiri oleh peserta Prolanis, tetapi juga oleh pejabat pemerintah daerah setempat dan berbagai pemangku kepentingan lainnya. Menurutnya, kehadiran berbagai pihak ini menunjukkan dukungan dan komitmen bersama dalam upaya meningkatkan kesehatan masyarakat.

""Kegiatan ini juga merupakan bagian dari upaya BPJS Kesehatan untuk menggerakkan budaya hidup sehat di masyarakat. BPJS Kesehatan ingin mengajak masyarakat untuk lebih peduli terhadap kesehatan melalui aktivitas fisik seperti senam,"" tuturnya.

Selain kegiatan senam bersama, Prolanis Day juga dimeriahkan berbagai kegiatan lain seperti Edukasi Klub Prolanis dan Pemeriksaan Kesehatan (pemeriksaan penunjang Prolanis) oleh FKTP. Edukasi yang diberikan mencakup berbagai informasi penting mengenai pengelolaan penyakit kronis, cara menjaga pola makan sehat, dan pentingnya aktivitas fisik.

Melalui kegiatan ini, BPJS Kesehatan berharap dapat berkontribusi nyata dalam meningkatkan kualitas hidup para peserta Prolanis. Kegiatan ini pun diharapkan dapat terus dilakukan secara rutin sebagai bagian dari upaya preventif dan promotif dalam menjaga kesehatan masyarakat Indonesia.

""Acara ini juga merupakan bukti nyata komitmen BPJS Kesehatan dalam mendukung visi pemerintah untuk menciptakan masyarakat yang sehat dan produktif. Melalui berbagai program dan kegiatan yang inovatif, BPJS Kesehatan terus berupaya memberikan layanan kesehatan yang terbaik bagi seluruh rakyat Indonesia,"" pungkasnya.";2024-07-16;penyakit kronis, bpjs kesehatan
BPJS Sleman gencar sosialisasi Program Prolanis;https://jogja.antaranews.com/berita/701712/bpjs-sleman-gencar-sosialisasi-program-prolanis;"BPJS Sleman gencar sosialisasi Program Prolanis id BPJS Kesehatan Sleman ,Program Prolanis ,JKN

Sleman (ANTARA) - BPJS Kesehatan Kantor Cabang Kabupaten Sleman terus melakukan sosialisasi program pengelolaan penyakit kronis (Prolanis) kepada masyarakat, terutama di kabupaten setempat dan Kulon Progo yang merupakan wilayah kerja BPJS Kesehatan Sleman.



""Program Prolanis merupakan salah satu bentuk upaya BPJS Kesehatan dalam mendorong perilaku hidup sehat dan promotif preventif bagi peserta JKN, khususnya peserta Prolanis Kantor Cabang Sleman,"" kata Kepala BPJS Kesehatan Cabang Sleman Irfan Qadarusman di Sleman, Selasa.



Menurut dia, sosialisasi tersebut salah satunya dilakukan melalui kegiatan Senam Prolanis yang dilaksanakan di Alun-Alun Kulon Progo pada Sabtu (13/7) yang diikuti 330 peserta.



""Kegiatan yang dilaksanakan juga dalam rangka memeriahkan satu dekade penyelenggaraan Program Jaminan Kesehatan Nasional (JKN) dan HUT BPJS Kesehatan ini melibatkan 16 Fasilitas Kesehatan Tingkat Pertama (FKTP) dan 20 klub Prolanis,"" katanya.



Ia mengatakan kegiatan senam Prolanis juga dilaksanakan secara serentak di Kabupaten Sleman sebanyak 41 FKTP, 20 klub Prolanis dan 1.200 peserta di masing-masing FKTP.



""Program JKN ini adalah milik bersama, kami ucapkan terima kasih atas partisipasi dan kolaborasi yang terjalin dari seluruh mitra dan peserta Program Prolanis. Mari mengawal Indonesia menjadi bangsa yang lebih sehat,"" katanya.



Irfan mengatakan Program Prolanis ini bertujuan untuk meningkatkan kualitas hidup dengan memberikan pendekatan, salah satunya edukasi, monitoring kesehatan secara rutin, pengelolaan pola makan, olahraga teratur dan penggunaan obat sesuai diagnosa dokter.



Ia mengatakan rangkaian acara Prolanis Day tidak hanya senam bersama saja, tetapi juga ada sosialisasi Program JKN dan membuka layanan administrasi bersama BPJS Keliling.



""Jadi, peserta dapat langsung bertemu petugas untuk memproses perubahan data maupun konsultasi terkait Program JKN,"" katanya.



Ia mengatakan dalam peningkatan mutu layanan, BPJS kesehatan terus berupaya memberikan informasi dan edukasi kepada masyarakat mengenai program-program JKN, termasuk Aplikasi Mobile JKN digitalisasi pelayanan JKN dan antrean online.



""Edukasi kepada peserta, salah satunya penggunaan kartu digital melalui Aplikasi Mobile JKN dan e-KTP terus digencarkan selaras dengan upaya dalam digitalisasi layanan,"" katanya.



Melalui akses digital dan proses administrasi layanan saat ini telah banyak diakses oleh peserta JKN dan diharapkan dapat semakin dirasakan kemudahannya.



""Sekarang akses dan proses administrasi sudah makin mudah dengan Aplikasi Mobile JKN, termasuk untuk peserta Prolanis, semoga kemudahan ini akan membantu peserta Prolanis selama melakukan pemeriksaan layanan kesehatan,"" katanya.";2024-07-16;
Attention Required!;https://www.rri.co.id/daerah/830504/peringati-hut-ke-56-bpjs-kesehatan-laksanakan-prolanis-day;"Why have I been blocked?

This website is using a security service to protect itself from online attacks. The action you just performed triggered the security solution. There are several actions that could trigger this block including submitting a certain word or phrase, a SQL command or malformed data.";2024-07-16;
Attention Required!;https://radarsolo.jawapos.com/boyolali/844861984/rayakan-hut-ke-56-bpjs-kesehatan-ajak-lansia-terapkan-pola-hidup-sehat-dengan-prolanis-day;"Why have I been blocked?

This website is using a security service to protect itself from online attacks. The action you just performed triggered the security solution. There are several actions that could trigger this block including submitting a certain word or phrase, a SQL command or malformed data.";2024-07-14;
Puskesmas Sugio Kabupaten Lamongan;https://lamongankab.go.id/beranda/puskesmas-sugio/post/16233;"Kegiatan Prolanis di Puskesmas Sugio, 7 Juni 2024

Prolanis adalah program yang dirancang untuk membantu pasien dengan penyakit kronis dalam mengelola kesehatan mereka secara efektif dan efisien. Program ini terbuka bagi semua peserta Jaminan Kesehatan Nasional (JKN) dari BPJS Kesehatan yang memiliki penyakit kronis seperti hipertensi, diabetes melitus, stroke, dan penyakit jantung koroner.

Tujuan utama Prolanis di Puskesmas adalah:

• Meningkatkan kualitas hidup pasien denganpenyakit kronis.

• Mencegah komplikasi dan kecacatan akibat penyakit kronis.

• Mengurangi biaya pelayanan kesehatan untuk pasien dengan penyakit kronis.

Kegiatan Prolanis di Puskesmas meliputi:

• Penyuluhan kesehatan tentang penyakit kronis, termasuk cara hidup sehat, diet, dan pengobatan.

• Pemeriksaan kesehatan secara berkala untuk memantau kondisi pasien.

• Pemberian obat sesuai dengan resep dokter.

• Senam Prolanis untuk meningkatkan kebugaran dan kesehatan pasien.

• Pembentukan kelompok dukungan bagi pasien untuk saling berbagi pengalaman dan tips dalam mengelola kesehatan mereka.

Manfaat Prolanis bagi pasien antara lain:

• Pengetahuan yang lebih baik tentang penyakit kronis dan cara mengelola kesehatan mereka.

• Peningkatan kontrol terhadap penyakit kronis.

• Penurunan risiko komplikasi dan kecacatan.

• Peningkatan kualitas hidup.

Pendaftaran Prolanis dapat dilakukan di Puskesmas terdekat dengan membawa:

• Kartu BPJS Kesehatan

• Kartu Tanda Penduduk (KTP)

• Hasil pemeriksaan kesehatan terakhir";2024-06-07;Agustus 2023 (10), Desember 2023 (10), Januari 2024 (12), Juli 2023 (20), Mei 2024 (12), Agustus 2024 (13), Maret 2023 (1), Juni 2023 (2), September 2024 (6), Juni 2024 (3), Oktober 2023 (1), November 2023 (5), September 2023 (1), Juli 2024 (14), Desember 2022 (1), Maret 2024 (10), November 2022 (4), Mei 2023 (7), Februari 2024 (6), Agustus 2022 (16), Februari 2023 (1)
Prolanis di Klinik Unila: Kolaborasi dengan Kimia Farma;https://www.unila.ac.id/prolanis-di-klinik-unila-kolaborasi-dengan-kimia-farma/;"(Unila): Klinik Universitas Lampung (Unila) bekerja sama dengan Kimia Farma mengadakan kegiatan Program Pengelolaan Penyakit Kronis (Prolanis) pada Rabu, 29 Mei 2024, di Klinik Unila.

Kegiatan ini dihadiri Rektor Unila Prof. Dr. Ir. Lusmeilia Afriani, D.E.A., IPM., ASEAN Eng., beserta para wakil rektor, ketua lembaga, Darma Wanita Persatuan Unila, dan sivitas akademika Unila.

Agenda Prolanis mencakup senam untuk pencegahan penyakit kronis seperti diabetes melitus dan hipertensi, serta pemeriksaan laboratorium darah untuk memeriksa HbA1c, kolesterol, fungsi ginjal, dan urinalisa.

Kepala Klinik Unila, Dr. dr. Tri Umiana Soleha, M.Kes., menyatakan, kegiatan ini ditujukan untuk peserta BPJS poliklinik Unila. Namun, sebagai sarana promosi klinik, peserta BPJS dari luar juga diakomodasi.

Diharapkan, peserta BPJS dari luar bersedia memindahkan kepesertaan BPJS mereka ke Klinik Unila. “Mudah-mudahan acara hari ini bisa memberikan manfaat bagi kita semua,” ujarnya.

Prof. Lusmeilia dalam sambutannya, menyampaikan rasa senangnya karena kegiatan senam dan pemeriksaan kesehatan kembali diadakan di lingkungan kampus. Ia berterima kasih kepada Klinik Unila dan Kimia Farma atas terselenggaranya kegiatan ini.

“Saya ucapkan terima kasih kepada Kimia Farma dan Klinik Unila yang memfasilitasi pengecekan darah,” kata Rektor yang akrab disapa Prof. Lusi.

Klinik Unila menyediakan sejumlah kuota dalam pengecekan darah gratis. Para peserta diperiksa berdasarkan nomor urut sesuai antrean, kemudian melalui tahapan pengecekan tensi, serta pengambilan darah dan urine. [Angelino Vinanti Sonjaya]";2024-05-29;
Puskesmas Mlati II Adakan Kegiatan Rutin Cek Laboratorium Bagi Peserta Prolanis;https://mediacenter.slemankab.go.id/2024/05/27/puskesmas-mlati-ii-adakan-kegiatan-rutin-cek-laboratorium-bagi-peserta-prolanis/;"Sleman – Prolanis adalah suatu sistem pelayanan kesehatan dan pendekatan proaktif yang dilaksanakan secara terintegrasi yang melibatkan Peserta, Fasilitas Kesehatan dan BPJS Kesehatan dalam rangka pemeliharaan kesehatan bagi peserta BPJS Kesehatan yang menderita penyakit kronis untuk mencapai kualitas hidup yang optimal dengan biaya pelayanan kesehatan yang efektif dan efisien.

Puskesmas Mlati II, memberikan fasilitasi kepada peserta Prolanis untuk 2 penyakit degeneratif yaitu Diabetes Melitus (DM) dan Hipertensi (HT) dengan berbagai kegiatan yaitu pemeriksaan rutin bulanan, olah raga senam seminggu sekali dan pemeriksaan laboratorium yang dilaksanakan 2 kali dalam setahun pada bulan Mei dan Nopember.

dr. Zulia Nuraini menyampaikan Kontrol sebulan sekali dengan tujuan untuk evaluasi DM/HT dan evaluasi obat rutin.

“Jika kemudian ada keluhan lain akan diberi obat sesuai kebutuhan tetapi bukan terapi rutin yg diberikan untuk 1 bulan. Jika keluhan tambahan itu belum membaik, bisa kontrol lebih dulu tidak perlu menunggu jadwal kontrol mengambil obat rutin,” jelas dr. Zulia saat kegiatan Cek Lab bagi Prolanis di Puskemas Mlati II, Sleman yang diikuti oleh 125 orang, Rabu (22/5/2024).

Adapun cek lab yang dilakukan adalah cek darah dan cek urin. Sebelum pengambilan darah/cek lab tahunan, oleh petugas akan dicroscek terlebih dahulu dengan data BPJS.

Zulia juga berterima kasih kepada peserta Prolanis yang dengan antusias mengikuti kegiatan rutin tahunan tersebut. “Ini artinya tujuan dari Prolanis sendiri akan tercapai,” tukasnya.

Dijelaskan oleh Zulia, tujuan Prolanis adalah Mendorong peserta penyandang penyakit kronis mencapai kualitas hidup optimal dengan indikator 75% peserta terdaftar yang berkunjung ke Faskes Tingkat Pertama, memiliki hasil “baik” pada pemeriksaan spesifik terhadap penyakit DM Tipe 2 dan Hipertensi sesuai Panduan Klinis terkait sehingga dapat mencegah timbulnya komplikasi penyakit.

Adapun sasaran Prolanis adalah Seluruh Peserta BPJS Kesehatan penyandang penyakit kronis (Diabetes Melitus Tipe 2 dan Hipertensi).

Diakhir penjelasannya, Zulia juga menginformasikan adanya fasilitas Konsultasi Medis yang dilakukan dengan cara konsultasi medis antara peserta Prolanis dengan tim medis, jadwal konsultasi disepakati bersama antara peserta dengan Faskes Pengelola. (Sutarto Agus/KIM Seyegan)";2024-05-27;
Kegiatan Prolanis Bulan Februari di Puskesmas Sambeng;https://lamongankab.go.id/beranda/puskesmas-sambeng/post/14032;"Sambeng, 13 Februari 2024. Penyakit Tidak Menular (PTM) merupakan penyakit yang saat ini menjadi penyebab kematian tertinggi di Indonesia. Penderita PTM di Puskesmas Sambeng terutama penyakit DM dan Hipertensi dari waktu ke waktu semakin bertambah. Oleh sebab itu salah satu upaya Puskesmas Sambeng untuk meningkatkan kualitas hidup para penderita PTM agar lebih optimal yaitu dengan mengadakan kegiatan Prolanis.





Adapun Prolanis (Program Pengelolaan Penyakit Kronis) adalah sistem pelayanan kesehatan dan pendekatan proaktif yang melibatkan peserta, fasilitas kesehatan dan BPJS.

Prolanis di Puskesmas Sambeng dilaksanakan satu bulan sekali. Kegiatan Prolanis dimulai dengan pengukuran BB TB, Tekanan darah, pemeriksaan GDS dan Kholesterol, senam sehat dan diakhiri dengan penyuluhan kesehatan.



";2024-02-23;Maret 2024 (1), Mei 2022 (3), April 2022 (3), Januari 2023 (1), Mei 2023 (3), Juni 2023 (1), Januari 2024 (2), November 2022 (5), Maret 2023 (1), Februari 2024 (5), Juni 2022 (2), Juli 2023 (11), Agustus 2023 (3), Oktober 2023 (1), November 2023 (5), Agustus 2022 (52), September 2022 (7), Juli 2022 (10), September 2024 (1), Oktober 2022 (15), Maret 2022 (1), Juni 2024 (2), Februari 2022 (1)
Klub PROLANIS UPK: Berteman dengan Hipertensi dan Diabetes Melitus;https://upk.kemkes.go.id/new/klub-prolanis-upk-berteman-dengan-hipertensi-dan-diabetes-melitus;"Untuk meningkatkan kualitas pelayanan kesehatan Unit Pelayanan Kesehatan (UPK), pada hari Jumat tanggal 12 Agustus 2022 UPK melaksanakan Klub Prolanis perdana bagi pasien UPK yang terdiagnosis hipertensi dan diabetes mellitus serta kontrol secara rutin setiap bulan di Klinik Pratama UPK.

Prolanis atau Program Pengelolaan Penyakit Kronis merupakan program dari BPJS Kesehatan yang bertujuan meningkatkan kualitas hidup para penderita penyakit kronis dan merupakan kegiatan terintegrasi yang membutuhkan kerja sama solid antara BPJS Kesehatan, Fasilitas Kesehatan, dan pasien. Kegiatan ini sudah lama direncanakan akan diselenggarakan secara rutin di UPK, namun pelaksanaannya terhalang kondisi pandemi COVID-19 yang masih berlangsung di Indonesia sampai saat ini. Berdasarkan angka kunjungan untuk kontrol pasien hipertensi dan diabetes mellitus yang menurun sejak pandemi, UPK memutuskan ini adalah saat yang tepat untuk menyelenggarakan Klub Prolanis sesuai dengan rencana sebelum masa pandemi. Kegiatan ini akan diselenggarakan sebulan sekali.

Untuk kegiatan perdana ini UPK baru mengikutsertakan pasien yang terjaring dari data rekam medis UPK sebagai pasien hipertensi dan diabetes mellitus. Kegiatan diikuti oleh 30 orang peserta yang terdiri dari pegawai dan pensiunan pegawai. Peserta Klub Prolanis mendapatkan pemeriksaan tekanan darah, gula darah sewaktu, kolesterol dan asam urat. Kemudian peserta dapat berkonsultasi dengan dokter dan langsung mendapatkan obat rutin bulanan. Selain itu peserta akan terjadwal pemeriksaan laboratorium yang lebih lengkap per 3 bulan dan dibuatkan grup whatsapp untuk mempermudah koordinasi dan silaturahmi antar peserta Klub Prolanis.

Penanggung jawab kegiatan, dr. Indah Pratiwi menjelaskan bahwa Klub Prolanis diselengarakan sebagai amanat BPJS Kesehatan bagi Klinik Pratama UPK Kemenkes. Selain itu dari data 10 penyakit terbanyak di UPK ternyata hipertensi dan diabetes mellitus memiliki peringkat 1 dan 2 dengan tingkat kepatuhan kontrol masih di bawah 50%. UPK berharap dengan adanya Klub Prolanis maka kondisi pasien dapat terpantau lebih baik dan petugas kesehatan dapat mengingatkan pasien agar rutin berobat dan memeriksakan diri karena meskipun hipertensi dan diabetes mellitus tidak dapat disembuhkan namun dapat dikontrol dengan upaya dan kedisiplinan bersama antara pasien dan petugas kesehatan. dr. Indah juga berharap Klub Prolanis UPK akan makin berkembang dan mendapatkan anggota lebih banyak dengan partisipasi yang lebih luas, agar pelayanan kesehatan lebih menyeluruh sehingga tingkat kesehatan pasien meningkat

.";2022-08-16;
