title;link;category;date
Buka-bukaan BPJS Kesehatan, Banyak RS 'Nakal' Bikin Klaim Palsu-Overbilling;https://health.detik.com/berita-detikhealth/d-7548897/buka-bukaan-bpjs-kesehatan-banyak-rs-nakal-bikin-klaim-palsu-overbilling;detikHealth;Jumat, 20 Sep 2024 06:00 WIB
Temuan Praktik 'Nakal' RS ke BPJS Kesehatan: Pasien Bodong sampai Overbilling;https://health.detik.com/berita-detikhealth/d-7547876/temuan-praktik-nakal-rs-ke-bpjs-kesehatan-pasien-bodong-sampai-overbilling;detikHealth;Kamis, 19 Sep 2024 14:02 WIB
BPJS Kesehatan Ungkap 3 RS Manipulasi Klaim, Negara Rugi Rp 34 Miliar;https://health.detik.com/berita-detikhealth/d-7547687/bpjs-kesehatan-ungkap-3-rs-manipulasi-klaim-negara-rugi-rp-34-miliar;detikHealth;Kamis, 19 Sep 2024 12:28 WIB
Berantas Rumah Sakit 'Nakal' Pelaku Klaim BPJS Palsu;https://health.detik.com/detikhealth/d-7466486/berantas-rumah-sakit-nakal-pelaku-klaim-bpjs-palsu;detikHealth;Rabu, 31 Jul 2024 14:57 WIB
Persi Kutuk Keras RS yang Curangi Klaim BPJS;https://health.detik.com/detiktv/d-7467310/persi-kutuk-keras-rs-yang-curangi-klaim-bpjs;detikHealth;Rabu, 31 Jul 2024 21:12 WIB
BPJS Kesehatan Launching Layanan Face Recognition, Upayakan Keamanan Data;https://health.detik.com/berita-detikhealth/d-7428361/bpjs-kesehatan-launching-layanan-face-recognition-upayakan-keamanan-data;detikHealth;Senin, 08 Jul 2024 14:00 WIB
Bos BPJS Isyaratkan Tunggakan 28 Juta Peserta Bisa Saja 'Dibebaskan';https://health.detik.com/berita-detikhealth/d-7378076/bos-bpjs-isyaratkan-tunggakan-28-juta-peserta-bisa-saja-dibebaskan;detikHealth;Kamis, 06 Jun 2024 18:01 WIB
Gaduh Pasien BPJS Tak Dirawat di IGD karena Kista, Dokter Soroti Hal Ini;https://health.detik.com/berita-detikhealth/d-7488310/gaduh-pasien-bpjs-tak-dirawat-di-igd-karena-kista-dokter-soroti-hal-ini;detikHealth;Selasa, 13 Agu 2024 19:49 WIB
Dirut BPJS Ungkap Sederet Layanan yang Tak Ditanggung BPJS Kesehatan;https://health.detik.com/berita-detikhealth/d-7190780/dirut-bpjs-ungkap-sederet-layanan-yang-tak-ditanggung-bpjs-kesehatan;detikHealth;Selasa, 13 Feb 2024 15:02 WIB
Bos BPJS Kesehatan Beri Isyarat Iuran Kelas 1-2 Naik, Ini Alasannya;https://health.detik.com/berita-detikhealth/d-7481054/bos-bpjs-kesehatan-beri-isyarat-iuran-kelas-1-2-naik-ini-alasannya;detikHealth;Jumat, 09 Agu 2024 11:08 WIB
Hampir 100 Persen! Kepesertaan BPJS Kesehatan Capai 276,5 Juta Jiwa per 1 Agustus;https://health.detik.com/berita-detikhealth/d-7480779/hampir-100-persen-kepesertaan-bpjs-kesehatan-capai-276-5-juta-jiwa-per-1-agustus;detikHealth;Jumat, 09 Agu 2024 07:55 WIB
Respons BPJS Kesehatan soal Ikang Fawzi Antre Layanan Berjam-jam;https://health.detik.com/detiktv/d-7358391/respons-bpjs-kesehatan-soal-ikang-fawzi-antre-layanan-berjam-jam;detikHealth;Minggu, 26 Mei  2024 16:37 WIB
BPJS Kesehatan Buka Suara soal Viral Pasien Tak Dirawat di IGD karena Kista;https://health.detik.com/berita-detikhealth/d-7487022/bpjs-kesehatan-buka-suara-soal-viral-pasien-tak-dirawat-di-igd-karena-kista;detikHealth;Selasa, 13 Agu 2024 10:01 WIB
BPJS Kesehatan Bicara Kemungkinan Iuran Naik;https://health.detik.com/berita-detikhealth/d-7229175/bpjs-kesehatan-bicara-kemungkinan-iuran-naik;detikHealth;Kamis, 07 Mar 2024 06:00 WIB
Dulu Banyak Diprotes, BPJS Kesehatan Kini Dicontoh Dunia;https://health.detik.com/berita-detikhealth/d-7228132/dulu-banyak-diprotes-bpjs-kesehatan-kini-dicontoh-dunia;detikHealth;Rabu, 06 Mar 2024 14:30 WIB
BPJS Kesehatan Beri Penghargaan ke 460 Kabupaten/Kota Berstatus UHC, Ini Daftarnya;https://health.detik.com/berita-detikhealth/d-7480408/bpjs-kesehatan-beri-penghargaan-ke-460-kabupaten-kota-berstatus-uhc-ini-daftarnya;detikHealth;Jumat, 09 Agu 2024 06:00 WIB
Respons Wamenkes soal Gaduh KRIS BPJS Pangkas Bed Pasien-Picu Antrean Layanan;https://health.detik.com/berita-detikhealth/d-7378203/respons-wamenkes-soal-gaduh-kris-bpjs-pangkas-bed-pasien-picu-antrean-layanan;detikHealth;Kamis, 06 Jun 2024 20:01 WIB
Sudah Punya BPJS Buat Bikin SIM, Tapi Masih Ada Tunggakan? Bisa Dicicil Kok;https://health.detik.com/berita-detikhealth/d-7371874/sudah-punya-bpjs-buat-bikin-sim-tapi-masih-ada-tunggakan-bisa-dicicil-kok;detikHealth;Senin, 03 Jun 2024 16:30 WIB
BPJS Kesehatan Angkat Bicara soal Ikang Fawzi Antre Layanan Berjam-jam;https://health.detik.com/berita-detikhealth/d-7357870/bpjs-kesehatan-angkat-bicara-soal-ikang-fawzi-antre-layanan-berjam-jam;detikHealth;Minggu, 26 Mei  2024 09:31 WIB
Kata Bos BPJS Kesehatan soal Besaran Iuran KRIS Pengganti Kelas 1, 2, 3;https://health.detik.com/berita-detikhealth/d-7340158/kata-bos-bpjs-kesehatan-soal-besaran-iuran-kris-pengganti-kelas-1-2-3;detikHealth;Rabu, 15 Mei  2024 07:21 WIB
Soal Wacana Penerapan KRIS Awal 2025, BPJS Kesehatan Angkat Bicara;https://health.detik.com/berita-detikhealth/d-7228298/soal-wacana-penerapan-kris-awal-2025-bpjs-kesehatan-angkat-bicara;detikHealth;Rabu, 06 Mar 2024 15:30 WIB
Kata BPJS-Kemenkes soal Kemungkinan Iuran Naik Pasca Wacana KRIS di 2025;https://health.detik.com/berita-detikhealth/d-7377719/kata-bpjs-kemenkes-soal-kemungkinan-iuran-naik-pasca-wacana-kris-di-2025;detikHealth;Kamis, 06 Jun 2024 15:51 WIB
Kata BPJS Kesehatan soal Dokter Tanya Pasien Jalur Umum atau BPJS saat Berobat;https://health.detik.com/berita-detikhealth/d-7135578/kata-bpjs-kesehatan-soal-dokter-tanya-pasien-jalur-umum-atau-bpjs-saat-berobat;detikHealth;Kamis, 11 Jan 2024 10:08 WIB
Mulai 1 Maret 2024 BPJS Kesehatan Jadi Syarat Bikin SKCK;https://health.detik.com/detiktv/d-7211860/mulai-1-maret-2024-bpjs-kesehatan-jadi-syarat-bikin-skck;detikHealth;Senin, 26 Feb 2024 10:05 WIB
Pasien BPJS Bisa Naik Satu Kelas Tanpa Biaya Bila Kamar RS Penuh, Ini Syaratnya;https://health.detik.com/berita-detikhealth/d-7539469/pasien-bpjs-bisa-naik-satu-kelas-tanpa-biaya-bila-kamar-rs-penuh-ini-syaratnya;detikHealth;Jumat, 13 Sep 2024 17:00 WIB
Bisakah Peserta BPJS Kesehatan Mandiri Pindah ke PBI saat Punya Tunggakan?;https://health.detik.com/berita-detikhealth/d-7538569/bisakah-peserta-bpjs-kesehatan-mandiri-pindah-ke-pbi-saat-punya-tunggakan;detikHealth;Jumat, 13 Sep 2024 10:00 WIB
Daftar 7 Alat Kesehatan yang Ditanggung BPJS Termasuk Kacamata;https://health.detik.com/berita-detikhealth/d-7190250/daftar-7-alat-kesehatan-yang-ditanggung-bpjs-termasuk-kacamata;detikHealth;Selasa, 13 Feb 2024 10:31 WIB
Jokowi Teken Aturan Baru Pengganti Kelas 1, 2, dan 3 BPJS Kesehatan, Ini Isinya;https://health.detik.com/berita-detikhealth/d-7336839/jokowi-teken-aturan-baru-pengganti-kelas-1-2-dan-3-bpjs-kesehatan-ini-isinya;detikHealth;Senin, 13 Mei  2024 10:00 WIB
Begini Syarat Klaim Kacamata BPJS Kesehatan;https://health.detik.com/detiktv/d-7097907/begini-syarat-klaim-kacamata-bpjs-kesehatan;detikHealth;Selasa, 19 Des 2023 14:59 WIB
Dirut BPJS Kesehatan Bicara soal Urus SKCK Wajib Jadi Peserta JKN;https://health.detik.com/berita-detikhealth/d-7253000/dirut-bpjs-kesehatan-bicara-soal-urus-skck-wajib-jadi-peserta-jkn;detikHealth;Kamis, 21 Mar 2024 06:40 WIB
Mudik Lebaran, Peserta BPJS Kesehatan Bisa Berobat di Kampung Halaman Pakai KTP;https://health.detik.com/berita-detikhealth/d-7252353/mudik-lebaran-peserta-bpjs-kesehatan-bisa-berobat-di-kampung-halaman-pakai-ktp;detikHealth;Rabu, 20 Mar 2024 17:32 WIB
BPJS Kesehatan Bakal Ongkosi Biaya Pengobatan Petugas KPPS yang Sakit;https://health.detik.com/berita-detikhealth/d-7200022/bpjs-kesehatan-bakal-ongkosi-biaya-pengobatan-petugas-kpps-yang-sakit;detikHealth;Senin, 19 Feb 2024 08:00 WIB
Pasien BPJS Bisa Dititip ke Kelas Lebih Tinggi Tanpa Biaya saat Kamar RS Penuh;https://health.detik.com/berita-detikhealth/d-7536692/pasien-bpjs-bisa-dititip-ke-kelas-lebih-tinggi-tanpa-biaya-saat-kamar-rs-penuh;detikHealth;Kamis, 12 Sep 2024 07:31 WIB
RSPON Siap Terapkan KRIS Pengganti Kelas 1-3 BPJS, Apa Sih yang Berubah?;https://health.detik.com/berita-detikhealth/d-7361973/rspon-siap-terapkan-kris-pengganti-kelas-1-3-bpjs-apa-sih-yang-berubah;detikHealth;Selasa, 28 Mei  2024 17:01 WIB
Kerap Dibandingkan, Ini yang Bikin Beda BPJS Kesehatan Vs Obama Care di AS;https://health.detik.com/berita-detikhealth/d-7229180/kerap-dibandingkan-ini-yang-bikin-beda-bpjs-kesehatan-vs-obama-care-di-as;detikHealth;Kamis, 07 Mar 2024 09:01 WIB
Diabetes Tinggi, BPJS Kesehatan Dukung Kajian Cukai Minuman Manis;https://health.detik.com/berita-detikhealth/d-7229256/diabetes-tinggi-bpjs-kesehatan-dukung-kajian-cukai-minuman-manis;detikHealth;Kamis, 07 Mar 2024 12:00 WIB
BPJS Kesehatan Bakal Jadi Syarat Urus SIM-STNK hingga SKCK, Ternyata Ini Alasannya;https://health.detik.com/berita-detikhealth/d-7229185/bpjs-kesehatan-bakal-jadi-syarat-urus-sim-stnk-hingga-skck-ternyata-ini-alasannya;detikHealth;Kamis, 07 Mar 2024 11:10 WIB
BPJS Jadi Syarat Urus SKCK, Gimana Jika Belum Daftar atau Statusnya Non Aktif?;https://health.detik.com/berita-detikhealth/d-7211783/bpjs-jadi-syarat-urus-skck-gimana-jika-belum-daftar-atau-statusnya-non-aktif;detikHealth;Senin, 26 Feb 2024 09:07 WIB
BPJS Kesehatan Jadi Syarat Urus SKCK Mulai 1 Maret, Ini Ketentuannya;https://health.detik.com/berita-detikhealth/d-7211713/bpjs-kesehatan-jadi-syarat-urus-skck-mulai-1-maret-ini-ketentuannya;detikHealth;Senin, 26 Feb 2024 07:31 WIB
Siap-siap! Pengganti Kelas 1,2,3 BPJS Kesehatan Berlaku di Semua RS Juni 2025;https://health.detik.com/berita-detikhealth/d-7264378/siap-siap-pengganti-kelas-1-2-3-bpjs-kesehatan-berlaku-di-semua-rs-juni-2025;detikHealth;Rabu, 27 Mar 2024 14:40 WIB
Pengganti Kelas 1, 2, dan 3 BPJS Kesehatan Berlaku Juni 2025, Berapa Nih Iurannya?;https://health.detik.com/berita-detikhealth/d-7265700/pengganti-kelas-1-2-dan-3-bpjs-kesehatan-berlaku-juni-2025-berapa-nih-iurannya;detikHealth;Kamis, 28 Mar 2024 10:06 WIB
Dirut BPJS Kesehatan Minta Pasien JKN Lapor Jika Dapat Diskriminasi dari RS;https://health.detik.com/berita-detikhealth/d-7136144/dirut-bpjs-kesehatan-minta-pasien-jkn-lapor-jika-dapat-diskriminasi-dari-rs;detikHealth;Kamis, 11 Jan 2024 14:30 WIB
Respons Bos BPJS Kesehatan soal Usulan Kaji Ulang KRIS, Pengganti Kelas BPJS;https://health.detik.com/berita-detikhealth/d-7014051/respons-bos-bpjs-kesehatan-soal-usulan-kaji-ulang-kris-pengganti-kelas-bpjs;detikHealth;Rabu, 01 Nov 2023 17:04 WIB
BPJS Kesehatan Ungkap Temuan Fraud, Ada Klaim Tapi Pasien Bodong;https://health.detik.com/berita-detikhealth/d-7076900/bpjs-kesehatan-ungkap-temuan-fraud-ada-klaim-tapi-pasien-bodong;detikHealth;Kamis, 07 Des 2023 12:30 WIB
Berapa Biaya Iuran Peserta BPJS Kesehatan di 2024? Cek di Sini;https://health.detik.com/berita-detikhealth/d-7124398/berapa-biaya-iuran-peserta-bpjs-kesehatan-di-2024-cek-di-sini;detikHealth;Kamis, 04 Jan 2024 16:13 WIB
Biaya Pengobatan Pasien Cacar Monyet Dipastikan Dicover BPJS Kesehatan;https://health.detik.com/berita-detikhealth/d-7026180/biaya-pengobatan-pasien-cacar-monyet-dipastikan-dicover-bpjs-kesehatan;detikHealth;Rabu, 08 Nov 2023 18:02 WIB
BPJS Kesehatan 'Sentil' Nakes yang Masih Anaktirikan Pasien JKN;https://health.detik.com/berita-detikhealth/d-7014237/bpjs-kesehatan-sentil-nakes-yang-masih-anaktirikan-pasien-jkn;detikHealth;Rabu, 01 Nov 2023 18:31 WIB
Geramnya PERSI pada Rumah Sakit yang Curangi Klaim BPJS;https://health.detik.com/detiktv/d-7467586/geramnya-persi-pada-rumah-sakit-yang-curangi-klaim-bpjs;detikHealth;Kamis, 01 Agu 2024 07:22 WIB
Ini Perbedaan KRIS dengan Kelas BPJS Kesehatan;https://health.detik.com/detiktv/d-7340642/ini-perbedaan-kris-dengan-kelas-bpjs-kesehatan;detikHealth;Rabu, 15 Mei  2024 09:48 WIB
Pasang Ring Jantung Seperti Hotman Paris, Bisa Ditanggung BPJS Kesehatan?;https://health.detik.com/berita-detikhealth/d-6997983/pasang-ring-jantung-seperti-hotman-paris-bisa-ditanggung-bpjs-kesehatan;detikHealth;Senin, 23 Okt 2023 19:30 WIB
Apakah Biaya Cuci Darah Bisa Ditanggung BPJS Kesehatan? Begini Aturannya;https://health.detik.com/berita-detikhealth/d-7460466/apakah-biaya-cuci-darah-bisa-ditanggung-bpjs-kesehatan-begini-aturannya;detikHealth;Minggu, 28 Jul 2024 05:00 WIB
BPJS Kesehatan Sabet Penghargaan di detikcom Awards;https://health.detik.com/detiktv/d-6943823/bpjs-kesehatan-sabet-penghargaan-di-detikcom-awards;detikHealth;Kamis, 21 Sep 2023 18:42 WIB
Ternyata Begini Cara Klaim BPJS untuk Lahiran Caesar ERACS;https://health.detik.com/berita-detikhealth/d-7025038/ternyata-begini-cara-klaim-bpjs-untuk-lahiran-caesar-eracs;detikHealth;Rabu, 08 Nov 2023 11:01 WIB
Kemenkes Ingatkan Sanksi Keras Dokter yang Tipu Klaim BPJS Kesehatan;https://health.detik.com/berita-detikhealth/d-7460995/kemenkes-ingatkan-sanksi-keras-dokter-yang-tipu-klaim-bpjs-kesehatan;detikHealth;Minggu, 28 Jul 2024 11:16 WIB
Sentilan Menkes soal RS Nakal 'Tipu-tipu' Klaim BPJS Kesehatan;https://health.detik.com/berita-detikhealth/d-7464999/sentilan-menkes-soal-rs-nakal-tipu-tipu-klaim-bpjs-kesehatan;detikHealth;Selasa, 30 Jul 2024 17:01 WIB
BPJS 'Jemput Bola' Perluas Layanan Pakai Perahu di Pasar Terapung;https://health.detik.com/berita-detikhealth/d-7014353/bpjs-jemput-bola-perluas-layanan-pakai-perahu-di-pasar-terapung;detikHealth;Kamis, 02 Nov 2023 06:30 WIB
Bos BPJS Kesehatan Pastikan Tak Ada Kenaikan Iuran Tahun Ini;https://health.detik.com/berita-detikhealth/d-7428663/bos-bpjs-kesehatan-pastikan-tak-ada-kenaikan-iuran-tahun-ini;detikHealth;Senin, 08 Jul 2024 16:04 WIB
Cerita Bos BPJS Kesehatan soal Malaysia 'Terkesima' dengan Pelayanan BPJS;https://health.detik.com/berita-detikhealth/d-7136646/cerita-bos-bpjs-kesehatan-soal-malaysia-terkesima-dengan-pelayanan-bpjs;detikHealth;Kamis, 11 Jan 2024 17:30 WIB
Bos BPJS Kesehatan Buka Suara soal Diskriminasi RS ke Pasien JKN;https://health.detik.com/berita-detikhealth/d-7077627/bos-bpjs-kesehatan-buka-suara-soal-diskriminasi-rs-ke-pasien-jkn;detikHealth;Jumat, 08 Des 2023 05:30 WIB
Kemenkes Kaji Layanan Kesehatan Telemedicine Bisa Diklaim BPJS Kesehatan;https://health.detik.com/berita-detikhealth/d-7412559/kemenkes-kaji-layanan-kesehatan-telemedicine-bisa-diklaim-bpjs-kesehatan;detikHealth;Jumat, 28 Jun 2024 07:01 WIB
Gratis! Begini Cara Skrining Riwayat Kesehatan Pakai BPJS Kesehatan;https://health.detik.com/berita-detikhealth/d-7401907/gratis-begini-cara-skrining-riwayat-kesehatan-pakai-bpjs-kesehatan;detikHealth;Jumat, 21 Jun 2024 17:00 WIB
Bos BPJS Kesehatan Ungkap Tantangan Penerapan KRIS, Pengganti Kelas 1-3;https://health.detik.com/berita-detikhealth/d-7027677/bos-bpjs-kesehatan-ungkap-tantangan-penerapan-kris-pengganti-kelas-1-3;detikHealth;Kamis, 09 Nov 2023 15:00 WIB
Penjual di Pasar Terapung Ikut Pakai BPJS, Banyak untuk Obati Katarak-ISPA;https://health.detik.com/berita-detikhealth/d-7013004/penjual-di-pasar-terapung-ikut-pakai-bpjs-banyak-untuk-obati-katarak-ispa;detikHealth;Rabu, 01 Nov 2023 10:00 WIB
Ada Potensi Defisit Berujung Naik Iuran di Juli 2025, BPJS Kesehatan Bilang Gini;https://health.detik.com/berita-detikhealth/d-7014276/ada-potensi-defisit-berujung-naik-iuran-di-juli-2025-bpjs-kesehatan-bilang-gini;detikHealth;Rabu, 01 Nov 2023 19:00 WIB
Momen Anggota DPR Semprot Wamenkes soal KRIS BPJS;https://health.detik.com/detiktv/d-7378340/momen-anggota-dpr-semprot-wamenkes-soal-kris-bpjs;detikHealth;Kamis, 06 Jun 2024 21:04 WIB
Saat Wamenkes Kena Semprot Anggota DPR soal KRIS BPJS Kesehatan;https://health.detik.com/detiktv/d-7378633/saat-wamenkes-kena-semprot-anggota-dpr-soal-kris-bpjs-kesehatan;detikHealth;Jumat, 07 Jun 2024 08:06 WIB
Ikang Fawzi Antre Berjam-Jam, Dirut BPJS Minta Maaf;https://health.detik.com/detiktv/d-7359734/ikang-fawzi-antre-berjam-jam-dirut-bpjs-minta-maaf;detikHealth;Senin, 27 Mei  2024 14:59 WIB
Viral di Medsos, Benarkah Masuk IGD Tak Bisa Pakai BPJS? Ini Faktanya;https://health.detik.com/berita-detikhealth/d-7495969/viral-di-medsos-benarkah-masuk-igd-tak-bisa-pakai-bpjs-ini-faktanya;detikHealth;Minggu, 18 Agu 2024 13:00 WIB
Tok! Biaya Perawatan Pasien COVID-19 Kini Ditanggung BPJS Kesehatan;https://health.detik.com/berita-detikhealth/d-6926067/tok-biaya-perawatan-pasien-covid-19-kini-ditanggung-bpjs-kesehatan;detikHealth;Selasa, 12 Sep 2023 06:30 WIB
Ramai Isu Kelas BPJS Kesehatan Dihapus dan Diganti KRIS, Benarkah?;https://health.detik.com/detiktv/d-7340468/ramai-isu-kelas-bpjs-kesehatan-dihapus-dan-diganti-kris-benarkah;detikHealth;Rabu, 15 Mei  2024 07:24 WIB
Kemenkes Luruskan Isu Penghapusan Kelas 1,2 dan 3 BPJS Kesehatan;https://health.detik.com/berita-detikhealth/d-7341774/kemenkes-luruskan-isu-penghapusan-kelas-1-2-dan-3-bpjs-kesehatan;detikHealth;Rabu, 15 Mei  2024 17:26 WIB
Soal KRIS, BPJS Ungkap Iuran Masih Tetap Sama;https://health.detik.com/detiktv/d-7342168/soal-kris-bpjs-ungkap-iuran-masih-tetap-sama;detikHealth;Rabu, 15 Mei  2024 21:08 WIB
Dirut BPJS Pastikan Iuran KRIS Tidak Satu Tarif;https://health.detik.com/detiktv/d-7340973/dirut-bpjs-pastikan-iuran-kris-tidak-satu-tarif;detikHealth;Rabu, 15 Mei  2024 12:28 WIB
Beragam Reaksi Masyarakat Terkait Rencana Penghapusan Kelas BPJS Kesehatan;https://health.detik.com/detiktv/d-7340128/beragam-reaksi-masyarakat-terkait-rencana-penghapusan-kelas-bpjs-kesehatan;detikHealth;Selasa, 14 Mei  2024 19:30 WIB
Begini Perubahan Layanan Kelas BPJS Kesehatan yang Diganti KRIS;https://health.detik.com/berita-detikhealth/d-7342079/begini-perubahan-layanan-kelas-bpjs-kesehatan-yang-diganti-kris;detikHealth;Rabu, 15 Mei  2024 20:03 WIB
Aturan Lengkap KRIS Pengganti Kelas 1, 2, 3 BPJS Kesehatan;https://health.detik.com/berita-detikhealth/d-7338266/aturan-lengkap-kris-pengganti-kelas-1-2-3-bpjs-kesehatan;detikHealth;Selasa, 14 Mei  2024 06:30 WIB
Menkes Sebut Iuran BPJS Tidak Berubah hingga 2024;https://health.detik.com/detiktv/d-7344155/menkes-sebut-iuran-bpjs-tidak-berubah-hingga-2024;detikHealth;Kamis, 16 Mei  2024 21:38 WIB
Ramai soal KRIS, BPJS Kesehatan Tegaskan Iuran Masih Tetap Sama;https://health.detik.com/berita-detikhealth/d-7341318/ramai-soal-kris-bpjs-kesehatan-tegaskan-iuran-masih-tetap-sama;detikHealth;Rabu, 15 Mei  2024 14:42 WIB
Menkes Budi Gunadi Sebut Tak Ada Penghapusan Kelas BPJS Kesehatan;https://health.detik.com/detiktv/d-7339483/menkes-budi-gunadi-sebut-tak-ada-penghapusan-kelas-bpjs-kesehatan;detikHealth;Selasa, 14 Mei  2024 15:00 WIB
Sanksi Berat Kemenkes buat RS 'Nakal' Klaim BPJS Tapi Pasien Bodong;https://health.detik.com/berita-detikhealth/d-7077306/sanksi-berat-kemenkes-buat-rs-nakal-klaim-bpjs-tapi-pasien-bodong;detikHealth;Kamis, 07 Des 2023 15:30 WIB
Pemerintah Masih Belum Tentukan Besaran Iuran KRIS BPJS;https://health.detik.com/detiktv/d-7340529/pemerintah-masih-belum-tentukan-besaran-iuran-kris-bpjs;detikHealth;Rabu, 15 Mei  2024 08:21 WIB
Persi Minta Penegakan Hukum Klaim Fiktif BPJS Berfokus ke Pelaku Bukan RS;https://health.detik.com/detiktv/d-7467403/persi-minta-penegakan-hukum-klaim-fiktif-bpjs-berfokus-ke-pelaku-bukan-rs;detikHealth;Rabu, 31 Jul 2024 22:09 WIB
Bos BPJS Kesehatan Ingatkan Pemudik Minimal Rehat 2 Jam Sekali;https://health.detik.com/berita-detikhealth/d-7280956/bos-bpjs-kesehatan-ingatkan-pemudik-minimal-rehat-2-jam-sekali;detikHealth;Sabtu, 06 Apr 2024 07:00 WIB
BPJS Kesehatan Buka Suara soal Gaduh Klaim Pneumonia tapi Dibayar ISPA;https://health.detik.com/berita-detikhealth/d-6927540/bpjs-kesehatan-buka-suara-soal-gaduh-klaim-pneumonia-tapi-dibayar-ispa;detikHealth;Selasa, 12 Sep 2023 19:01 WIB
Tak Perlu ke LN, Radioterapi Canggih untuk Kanker Bisa di RSCM Pakai BPJS;https://health.detik.com/diet/d-7438103/tak-perlu-ke-ln-radioterapi-canggih-untuk-kanker-bisa-di-rscm-pakai-bpjs;detikHealth;Minggu, 14 Jul 2024 12:30 WIB
Raih detikcom Award, Begini Kiat BPJS Kesehatan Tingkatkan Kualitas Hidup Warga RI;https://health.detik.com/berita-detikhealth/d-6943392/raih-detikcom-award-begini-kiat-bpjs-kesehatan-tingkatkan-kualitas-hidup-warga-ri;detikHealth;Kamis, 21 Sep 2023 16:16 WIB
7 Pemotor Lawan Arah Ditabrak Truk Tak Disantuni Jasa Raharja, Dicover BPJS?;https://health.detik.com/berita-detikhealth/d-6896559/7-pemotor-lawan-arah-ditabrak-truk-tak-disantuni-jasa-raharja-dicover-bpjs;detikHealth;Sabtu, 26 Agu 2023 08:42 WIB
Gaduh Pro Kontra KRIS Vs Kelas 1, 2, dan 3 BPJS Kesehatan;https://health.detik.com/berita-detikhealth/d-7378570/gaduh-pro-kontra-kris-vs-kelas-1-2-dan-3-bpjs-kesehatan;detikHealth;Jumat, 07 Jun 2024 06:12 WIB
Babak Baru 'Nasib' KRIS, Kemenkes Bentuk Tim Pokja Bareng BPJS Kesehatan;https://health.detik.com/berita-detikhealth/d-7378631/babak-baru-nasib-kris-kemenkes-bentuk-tim-pokja-bareng-bpjs-kesehatan;detikHealth;Jumat, 07 Jun 2024 08:01 WIB
Kata Kemenkes soal Iuran KRIS BPJS, Skema Pembayaran Masih Tahap Pembahasan;https://health.detik.com/berita-detikhealth/d-7372882/kata-kemenkes-soal-iuran-kris-bpjs-skema-pembayaran-masih-tahap-pembahasan;detikHealth;Selasa, 04 Jun 2024 10:06 WIB
BPJS Kesehatan: Hipertensi dan Penyakit Jantung Komorbid Terbanyak Petugas KPPS;https://health.detik.com/berita-detikhealth/d-7201118/bpjs-kesehatan-hipertensi-dan-penyakit-jantung-komorbid-terbanyak-petugas-kpps;detikHealth;Senin, 19 Feb 2024 17:31 WIB
Momen Anggota DPR Marah-marah ke Wamenkes, Cecar soal KRIS BPJS Kesehatan;https://health.detik.com/berita-detikhealth/d-7377380/momen-anggota-dpr-marah-marah-ke-wamenkes-cecar-soal-kris-bpjs-kesehatan;detikHealth;Kamis, 06 Jun 2024 13:36 WIB
Catat! Mulai 1 Juli Urus SIM di 7 Wilayah Ini Wajib Punya BPJS Kesehatan;https://health.detik.com/berita-detikhealth/d-7371243/catat-mulai-1-juli-urus-sim-di-7-wilayah-ini-wajib-punya-bpjs-kesehatan;detikHealth;Senin, 03 Jun 2024 12:04 WIB
Apa Itu KRIS BPJS Kesehatan? Kelas Standar Berlaku Mulai 30 Juni 2025;https://health.detik.com/berita-detikhealth/d-7345641/apa-itu-kris-bpjs-kesehatan-kelas-standar-berlaku-mulai-30-juni-2025;detikHealth;Jumat, 17 Mei  2024 18:30 WIB
Dirut BPJS Kesehatan Buka Suara soal Rencana Kenaikan Iuran usai KRIS Berlaku;https://health.detik.com/berita-detikhealth/d-7345797/dirut-bpjs-kesehatan-buka-suara-soal-rencana-kenaikan-iuran-usai-kris-berlaku;detikHealth;Jumat, 17 Mei  2024 20:02 WIB
Biaya Pasien Obesitas Ditanggung BPJS! Cek Syaratnya di Sini;https://health.detik.com/berita-detikhealth/d-6839475/biaya-pasien-obesitas-ditanggung-bpjs-cek-syaratnya-di-sini;detikHealth;Selasa, 25 Jul 2023 05:30 WIB
KRIS Tak Bikin Iuran BPJS Kesehatan Sama, Iuran Orang Kaya dan Miskin Beda;https://health.detik.com/berita-detikhealth/d-7346189/kris-tak-bikin-iuran-bpjs-kesehatan-sama-iuran-orang-kaya-dan-miskin-beda;detikHealth;Sabtu, 18 Mei  2024 09:32 WIB
Viral 419 Ribu Peserta BPJS Malang Non Aktif Imbas UU Baru, Kemenkes: Info Sesat!;https://health.detik.com/berita-detikhealth/d-6869057/viral-419-ribu-peserta-bpjs-malang-non-aktif-imbas-uu-baru-kemenkes-info-sesat;detikHealth;Kamis, 10 Agu 2023 14:31 WIB
Menkes Sebut Iuran Kelas 1 BPJS Kesehatan Tetap, Kelas 2 dan 3 Bisa Jadi Berubah;https://health.detik.com/berita-detikhealth/d-7352449/menkes-sebut-iuran-kelas-1-bpjs-kesehatan-tetap-kelas-2-dan-3-bisa-jadi-berubah;detikHealth;Rabu, 22 Mei  2024 10:31 WIB
Pasang Gigi Palsu Bisa Pakai BPJS, Ini Cara Klaim & Rawatnya!;https://health.detik.com/advertorial-news-block/d-7355093/pasang-gigi-palsu-bisa-pakai-bpjs-ini-cara-klaim-rawatnya;detikHealth;Jumat, 24 Mei  2024 00:00 WIB
Kemenkes-BPJS Kesehatan Buka Suara soal Penerapan KRIS Hapus Sistem Kelas 1,2 dan 3;https://health.detik.com/berita-detikhealth/d-7342371/kemenkes-bpjs-kesehatan-buka-suara-soal-penerapan-kris-hapus-sistem-kelas-1-2-dan-3;detikHealth;Kamis, 16 Mei  2024 06:00 WIB
Kelas 1, 2, 3 BPJS Kesehatan Bakal Diganti KRIS, Iurannya Jadi Berapa?;https://health.detik.com/berita-detikhealth/d-7337471/kelas-1-2-3-bpjs-kesehatan-bakal-diganti-kris-iurannya-jadi-berapa;detikHealth;Senin, 13 Mei  2024 14:33 WIB
Begini Beda Fasilitas Layanan KRIS Pengganti Kelas 1, 2 dan 3 BPJS Kesehatan;https://health.detik.com/berita-detikhealth/d-7340138/begini-beda-fasilitas-layanan-kris-pengganti-kelas-1-2-dan-3-bpjs-kesehatan;detikHealth;Rabu, 15 Mei  2024 05:30 WIB
Kemenkes Tegaskan hingga Kini BPJS Kelas 1, 2 dan 3 Masih Tetap Ada;https://health.detik.com/detiktv/d-7342260/kemenkes-tegaskan-hingga-kini-bpjs-kelas-1-2-dan-3-masih-tetap-ada;detikHealth;Rabu, 15 Mei  2024 22:18 WIB
BPJS Kesehatan Tunggu Kemenkes soal Penerapan Aturan KRIS Pengganti Kelas 1,2,3;https://health.detik.com/berita-detikhealth/d-7337090/bpjs-kesehatan-tunggu-kemenkes-soal-penerapan-aturan-kris-pengganti-kelas-1-2-3;detikHealth;Senin, 13 Mei  2024 12:00 WIB
Beban BPJS Kesehatan untuk Penyakit Akibat Hipertensi Tembus Rp 22 Triliun;https://health.detik.com/berita-detikhealth/d-7365603/beban-bpjs-kesehatan-untuk-penyakit-akibat-hipertensi-tembus-rp-22-triliun;detikHealth;Kamis, 30 Mei  2024 16:05 WIB
BPJS Kesehatan Siap Tanggung Penyakit Pasca Kepulangan Haji, Ini Syaratnya;https://health.detik.com/berita-detikhealth/d-6804027/bpjs-kesehatan-siap-tanggung-penyakit-pasca-kepulangan-haji-ini-syaratnya;detikHealth;Senin, 03 Jul 2023 18:03 WIB
Menkes Buka Suara soal KRIS Pengganti Kelas 1, 2, dan 3 BPJS Kesehatan;https://health.detik.com/berita-detikhealth/d-7339322/menkes-buka-suara-soal-kris-pengganti-kelas-1-2-dan-3-bpjs-kesehatan;detikHealth;Selasa, 14 Mei  2024 14:03 WIB
Layanan BPJS Kesehatan Kelas 1-3 Diganti KRIS, Berapa Tarif Iurannya;https://health.detik.com/detiktv/d-7339149/layanan-bpjs-kesehatan-kelas-1-3-diganti-kris-berapa-tarif-iurannya;detikHealth;Selasa, 14 Mei  2024 13:01 WIB
Antrean Pasien JKN Disorot Jokowi, BPJS Kesehatan Bilang Gini;https://health.detik.com/berita-detikhealth/d-7155706/antrean-pasien-jkn-disorot-jokowi-bpjs-kesehatan-bilang-gini;detikHealth;Selasa, 23 Jan 2024 10:00 WIB
Biaya Transplantasi Ginjal Capai Ratusan Juta Rupiah, Ditanggung BPJS Kesehatan?;https://health.detik.com/berita-detikhealth/d-7155599/biaya-transplantasi-ginjal-capai-ratusan-juta-rupiah-ditanggung-bpjs-kesehatan;detikHealth;Selasa, 23 Jan 2024 08:00 WIB
Fasilitas KRIS Beda dengan Kelas 1, 2, 3 BPJS Kesehatan, Begini Detailnya;https://health.detik.com/berita-detikhealth/d-7342939/fasilitas-kris-beda-dengan-kelas-1-2-3-bpjs-kesehatan-begini-detailnya;detikHealth;Kamis, 16 Mei  2024 12:37 WIB
Kemenkes Ungkap Hampir 2 Ribu RS Sudah Penuhi Target KRIS Pengganti Kelas BPJS;https://health.detik.com/berita-detikhealth/d-7341547/kemenkes-ungkap-hampir-2-ribu-rs-sudah-penuhi-target-kris-pengganti-kelas-bpjs;detikHealth;Rabu, 15 Mei  2024 16:11 WIB
Viral Bagi-bagi Dana Bantuan Rp 125 Juta dari BPJS Kesehatan, Dipastikan Hoax!;https://health.detik.com/berita-detikhealth/d-6846308/viral-bagi-bagi-dana-bantuan-rp-125-juta-dari-bpjs-kesehatan-dipastikan-hoax;detikHealth;Jumat, 28 Jul 2023 14:04 WIB
Cabut Gigi Bisa Pakai BPJS, Cek Syarat dan Prosedurnya;https://health.detik.com/berita-detikhealth/d-7119252/cabut-gigi-bisa-pakai-bpjs-cek-syarat-dan-prosedurnya;detikHealth;Senin, 01 Jan 2024 17:02 WIB
Nggak Perlu Repot Urus Berkas, Berobat saat Mudik Pakai BPJS Tinggal Bawa KTP;https://health.detik.com/berita-detikhealth/d-7280272/nggak-perlu-repot-urus-berkas-berobat-saat-mudik-pakai-bpjs-tinggal-bawa-ktp;detikHealth;Jumat, 05 Apr 2024 14:35 WIB
Mekanisme Penggunaan BPJS Kesehatan di Masa Endemi Covid-19;https://health.detik.com/detiktv/d-6804254/mekanisme-penggunaan-bpjs-kesehatan-di-masa-endemi-covid-19;detikHealth;Senin, 03 Jul 2023 19:29 WIB
Dirut BPJS Kesehatan Sebut Tak Lagi Punya Utang ke Rumah Sakit;https://health.detik.com/berita-detikhealth/d-6828807/dirut-bpjs-kesehatan-sebut-tak-lagi-punya-utang-ke-rumah-sakit;detikHealth;Selasa, 18 Jul 2023 12:30 WIB
Tumbang di Perjalanan Mudik? Bisa Berobat ke Posko BPJS, Catat 7 Titik Lokasinya;https://health.detik.com/berita-detikhealth/d-7280167/tumbang-di-perjalanan-mudik-bisa-berobat-ke-posko-bpjs-catat-7-titik-lokasinya;detikHealth;Jumat, 05 Apr 2024 14:01 WIB
Sakit saat Mudik, Bisa Berobat Pakai BPJS Kesehatan? Kemenkes Bilang Gini;https://health.detik.com/berita-detikhealth/d-7278180/sakit-saat-mudik-bisa-berobat-pakai-bpjs-kesehatan-kemenkes-bilang-gini;detikHealth;Kamis, 04 Apr 2024 14:00 WIB
Berlaku Juni 2025, Berapa Sih Iuran Pengganti Kelas 1, 2, dan 3 BPJS Kesehatan?;https://health.detik.com/berita-detikhealth/d-7270510/berlaku-juni-2025-berapa-sih-iuran-pengganti-kelas-1-2-dan-3-bpjs-kesehatan;detikHealth;Minggu, 31 Mar 2024 14:00 WIB
Catat! Ini Syarat Berobat Pakai BPJS Kesehatan di Luar Kota saat Mudik Lebaran;https://health.detik.com/berita-detikhealth/d-7260029/catat-ini-syarat-berobat-pakai-bpjs-kesehatan-di-luar-kota-saat-mudik-lebaran;detikHealth;Senin, 25 Mar 2024 12:16 WIB
Menkes Singgung Pekerja Gaji Tinggi Bayar BPJS Tapi Pakai Layanan VVIP;https://health.detik.com/berita-detikhealth/d-6820716/menkes-singgung-pekerja-gaji-tinggi-bayar-bpjs-tapi-pakai-layanan-vvip;detikHealth;Kamis, 13 Jul 2023 14:06 WIB
Benarkah Pasien BPJS Kesehatan Rawat Inap di RS Maksimal 3 Hari?;https://health.detik.com/berita-detikhealth/d-7253856/benarkah-pasien-bpjs-kesehatan-rawat-inap-di-rs-maksimal-3-hari;detikHealth;Kamis, 21 Mar 2024 14:25 WIB
Duet Mayapada Hospital-BPJS Kesehatan Beri Kemudahan Akses Radioterapi;https://health.detik.com/berita-detikhealth/d-7099698/duet-mayapada-hospital-bpjs-kesehatan-beri-kemudahan-akses-radioterapi;detikHealth;Rabu, 20 Des 2023 14:21 WIB
Cerita Bos BPJS Kesehatan Ditanya Jokowi 2 Kali soal Kenaikan Iuran;https://health.detik.com/berita-detikhealth/d-7238673/cerita-bos-bpjs-kesehatan-ditanya-jokowi-2-kali-soal-kenaikan-iuran;detikHealth;Rabu, 13 Mar 2024 10:05 WIB
Dihapus Bertahap, Begini Nasib Kelas BPJS Kesehatan yang Diganti KRIS;https://health.detik.com/berita-detikhealth/d-6779787/dihapus-bertahap-begini-nasib-kelas-bpjs-kesehatan-yang-diganti-kris;detikHealth;Senin, 19 Jun 2023 06:30 WIB
Ada 1,5 Juta Warga RI Gagal Ginjal, Sedot Dana BPJS Kesehatan Rp 2,9 T;https://health.detik.com/berita-detikhealth/d-7240445/ada-1-5-juta-warga-ri-gagal-ginjal-sedot-dana-bpjs-kesehatan-rp-2-9-t;detikHealth;Kamis, 14 Mar 2024 06:41 WIB
BPJS Buka Suara usai Bayi di Brebes Ditahan RS Buntut Nunggak Iuran;https://health.detik.com/berita-detikhealth/d-6809880/bpjs-buka-suara-usai-bayi-di-brebes-ditahan-rs-buntut-nunggak-iuran;detikHealth;Kamis, 06 Jul 2023 20:11 WIB
Menkes Angkat Bicara soal Penghapusan Kelas 1, 2, 3 BPJS Kesehatan;https://health.detik.com/berita-detikhealth/d-6821074/menkes-angkat-bicara-soal-penghapusan-kelas-1-2-3-bpjs-kesehatan;detikHealth;Kamis, 13 Jul 2023 16:07 WIB
Stres Gagal Nyaleg, Boleh Berobat ke Dokter Jiwa Pakai BPJS? Bisa Kok, Ini Caranya;https://health.detik.com/berita-detikhealth/d-7196958/stres-gagal-nyaleg-boleh-berobat-ke-dokter-jiwa-pakai-bpjs-bisa-kok-ini-caranya;detikHealth;Jumat, 16 Feb 2024 16:00 WIB
Pengganti Kelas 1, 2, 3 BPJS Kesehatan yang Bakal Dihapus Bertahap Tahun Ini;https://health.detik.com/berita-detikhealth/d-6778287/pengganti-kelas-1-2-3-bpjs-kesehatan-yang-bakal-dihapus-bertahap-tahun-ini;detikHealth;Sabtu, 17 Jun 2023 19:02 WIB
Cek! Daftar 10 Penyakit yang Paling Banyak Sedot Dana BPJS Kesehatan;https://health.detik.com/berita-detikhealth/d-6828672/cek-daftar-10-penyakit-yang-paling-banyak-sedot-dana-bpjs-kesehatan;detikHealth;Selasa, 18 Jul 2023 11:34 WIB
RS Sentra Medika-BPJS Kesehatan Kerja Sama Tekan Angka Penyakit Kanker;https://health.detik.com/berita-detikhealth/d-7169855/rs-sentra-medika-bpjs-kesehatan-kerja-sama-tekan-angka-penyakit-kanker;detikHealth;Rabu, 31 Jan 2024 14:50 WIB
Daftar Rumah Sakit yang Sudah Hapus Kelas 1, 2, 3 BPJS Kesehatan, Mana Saja?;https://health.detik.com/berita-detikhealth/d-6771041/daftar-rumah-sakit-yang-sudah-hapus-kelas-1-2-3-bpjs-kesehatan-mana-saja;detikHealth;Rabu, 14 Jun 2023 06:00 WIB
Jokowi Imbau Warga RI Hidup Sehat, Jangan Sering Sakit Walau Punya BPJS;https://health.detik.com/berita-detikhealth/d-7157400/jokowi-imbau-warga-ri-hidup-sehat-jangan-sering-sakit-walau-punya-bpjs;detikHealth;Rabu, 24 Jan 2024 07:30 WIB
Beban Biaya BPJS Kesehatan untuk DBD Naik Tajam, Tembus Rp 1 Triliun;https://health.detik.com/berita-detikhealth/d-7146090/beban-biaya-bpjs-kesehatan-untuk-dbd-naik-tajam-tembus-rp-1-triliun;detikHealth;Rabu, 17 Jan 2024 14:30 WIB
Dirut Titip Pesan Soal Nasib BPJS Kesehatan ke Capres, Begini Katanya;https://health.detik.com/berita-detikhealth/d-7145728/dirut-titip-pesan-soal-nasib-bpjs-kesehatan-ke-capres-begini-katanya;detikHealth;Rabu, 17 Jan 2024 11:32 WIB
Dirut Titip Pesan Soal Nasib BPJS Kesehatan ke Capres, Begini Katanya;https://health.detik.com/berita-detikhealth/d-7145728/dirut-titip-pesan-soal-nasib-bpjs-kesehatan-ke-capres-begini-katanya;detikHealth;Rabu, 17 Jan 2024 11:32 WIB
Kemenkes Pastikan Biaya Pengobatan Cacar Monyet Bisa Ditanggung BPJS;https://health.detik.com/detiktv/d-7004930/kemenkes-pastikan-biaya-pengobatan-cacar-monyet-bisa-ditanggung-bpjs;detikHealth;Jumat, 27 Okt 2023 14:05 WIB
Kunjungi RSUD Salatiga, Jokowi Soroti Antrean Pasien BPJS Kesehatan dan KIS;https://health.detik.com/berita-detikhealth/d-7154126/kunjungi-rsud-salatiga-jokowi-soroti-antrean-pasien-bpjs-kesehatan-dan-kis;detikHealth;Senin, 22 Jan 2024 12:31 WIB
12 Perubahan yang Terjadi Pasca Kelas BPJS Kesehatan Bertahap Dihapus Tahun Ini;https://health.detik.com/berita-detikhealth/d-6779293/12-perubahan-yang-terjadi-pasca-kelas-bpjs-kesehatan-bertahap-dihapus-tahun-ini;detikHealth;Minggu, 18 Jun 2023 15:00 WIB
Biaya Perawatan Viral Pria Tangerang BB 300 Kg Dipastikan Ter-cover BPJS!;https://health.detik.com/berita-detikhealth/d-6767525/biaya-perawatan-viral-pria-tangerang-bb-300-kg-dipastikan-ter-cover-bpjs;detikHealth;Senin, 12 Jun 2023 09:35 WIB
Ingat! Kelas 1, 2, 3 BPJS Kesehatan Mulai Bertahap Dihapus Tahun Ini;https://health.detik.com/berita-detikhealth/d-6769678/ingat-kelas-1-2-3-bpjs-kesehatan-mulai-bertahap-dihapus-tahun-ini;detikHealth;Selasa, 13 Jun 2023 11:02 WIB
COVID-19 RI Naik Lagi, BPJS Kesehatan Pastikan Biaya Pengobatan Ditanggung;https://health.detik.com/berita-detikhealth/d-7085806/covid-19-ri-naik-lagi-bpjs-kesehatan-pastikan-biaya-pengobatan-ditanggung;detikHealth;Selasa, 12 Des 2023 17:00 WIB
BPJS Kesehatan Raih Penghargaan Inovasi Perluasan Layanan Kesehatan;https://health.detik.com/berita-detikhealth/d-6943222/bpjs-kesehatan-raih-penghargaan-inovasi-perluasan-layanan-kesehatan;detikHealth;Kamis, 21 Sep 2023 15:16 WIB
Raih detikcom Awards, BPJS Kesehatan Beberkan Capaian Layanan Skrining;https://health.detik.com/berita-detikhealth/d-6943978/raih-detikcom-awards-bpjs-kesehatan-beberkan-capaian-layanan-skrining;detikHealth;Kamis, 21 Sep 2023 20:03 WIB
Kelas 1, 2, 3 BPJS Kesehatan Mulai Dihapus Bertahap, Ternyata Ini Penggantinya;https://health.detik.com/berita-detikhealth/d-6771436/kelas-1-2-3-bpjs-kesehatan-mulai-dihapus-bertahap-ternyata-ini-penggantinya;detikHealth;Rabu, 14 Jun 2023 08:33 WIB
BPJS Kesehatan Tanggung Biaya Perawatan Pasien Covid-19;https://health.detik.com/detiktv/d-6926637/bpjs-kesehatan-tanggung-biaya-perawatan-pasien-covid-19;detikHealth;Selasa, 12 Sep 2023 12:48 WIB
Bukan Lagi Kemenkes, BPJS Kesehatan Jamin Tanggungan Pembiayaan COVID-19;https://health.detik.com/berita-detikhealth/d-6925640/bukan-lagi-kemenkes-bpjs-kesehatan-jamin-tanggungan-pembiayaan-covid-19;detikHealth;Senin, 11 Sep 2023 18:59 WIB
Scaling Gigi Dicover BPJS Kesehatan? Ternyata Bisa, Ini Syaratnya;https://health.detik.com/berita-detikhealth/d-6919475/scaling-gigi-dicover-bpjs-kesehatan-ternyata-bisa-ini-syaratnya;detikHealth;Jumat, 08 Sep 2023 05:00 WIB
Bagaimana Cara Menggunakan BPJS Kesehatan untuk Melahirkan? Begini Tahapannya;https://health.detik.com/berita-detikhealth/d-6902555/bagaimana-cara-menggunakan-bpjs-kesehatan-untuk-melahirkan-begini-tahapannya;detikHealth;Selasa, 29 Agu 2023 22:00 WIB
BPJS Kesehatan Pastikan Biaya Penyakit Imbas Polusi Bakal Dicover!;https://health.detik.com/berita-detikhealth/d-6899872/bpjs-kesehatan-pastikan-biaya-penyakit-imbas-polusi-bakal-dicover;detikHealth;Senin, 28 Agu 2023 15:01 WIB
Masuk RS Gegara Polusi Udara, Biayanya Dicover BPJS Kesehatan?;https://health.detik.com/berita-detikhealth/d-6897745/masuk-rs-gegara-polusi-udara-biayanya-dicover-bpjs-kesehatan;detikHealth;Minggu, 27 Agu 2023 06:55 WIB
BPJS Kesehatan Tanggung Biaya Pengobatan Penyakit Imbas Polusi;https://health.detik.com/detiktv/d-6900250/bpjs-kesehatan-tanggung-biaya-pengobatan-penyakit-imbas-polusi;detikHealth;Senin, 28 Agu 2023 17:03 WIB
6 Penyakit Pernapasan Akibat Polusi yang Paling Membebani BPJS;https://health.detik.com/detiktv/d-6900733/6-penyakit-pernapasan-akibat-polusi-yang-paling-membebani-bpjs;detikHealth;Senin, 28 Agu 2023 20:44 WIB
Bahas Polusi, Menkes Ungkap 6 Penyakit Pernapasan Paling Membebani BPJS;https://health.detik.com/berita-detikhealth/d-6900242/bahas-polusi-menkes-ungkap-6-penyakit-pernapasan-paling-membebani-bpjs;detikHealth;Senin, 28 Agu 2023 17:00 WIB
BPJS Kesehatan Pastikan Layanan Tetap Buka Saat Libur Lebaran;https://health.detik.com/berita-detikhealth/d-6659251/bpjs-kesehatan-pastikan-layanan-tetap-buka-saat-libur-lebaran;detikHealth;Kamis, 06 Apr 2023 14:29 WIB
BPJS Kesehatan Gelontorkan Rp 59,1 T buat Penjaminan Penyakit Jantung;https://health.detik.com/berita-detikhealth/d-6887596/bpjs-kesehatan-gelontorkan-rp-59-1-t-buat-penjaminan-penyakit-jantung;detikHealth;Senin, 21 Agu 2023 13:59 WIB
Heboh Mandatory Spending Dicabut Hapus Subsidi BPJS, Kemenkes: Menyesatkan!;https://health.detik.com/berita-detikhealth/d-6872303/heboh-mandatory-spending-dicabut-hapus-subsidi-bpjs-kemenkes-menyesatkan;detikHealth;Sabtu, 12 Agu 2023 10:19 WIB
Bikin Tekor BPJS Kesehatan, Pembiayaan Pasien Stroke Capai Rp 3 Triliun;https://health.detik.com/berita-detikhealth/d-7005259/bikin-tekor-bpjs-kesehatan-pembiayaan-pasien-stroke-capai-rp-3-triliun;detikHealth;Jumat, 27 Okt 2023 16:00 WIB
Berobat di RS PON, BPJS Kesehatan dan Asuransi Swasta Bisa Dipakai Bersamaan;https://health.detik.com/berita-detikhealth/d-6975455/berobat-di-rs-pon-bpjs-kesehatan-dan-asuransi-swasta-bisa-dipakai-bersamaan;detikHealth;Rabu, 11 Okt 2023 05:00 WIB
BPJS Kesehatan Bikin Portal Permudah Faskes Pantau Proses Klaim-Keluhan;https://health.detik.com/berita-detikhealth/d-6857832/bpjs-kesehatan-bikin-portal-permudah-faskes-pantau-proses-klaim-keluhan;detikHealth;Kamis, 03 Agu 2023 22:19 WIB
Pasien Diabetes Anak Ditanggung BPJS Kesehatan, Tapi...;https://health.detik.com/berita-detikhealth/d-6623189/pasien-diabetes-anak-ditanggung-bpjs-kesehatan-tapi;detikHealth;Kamis, 16 Mar 2023 18:59 WIB
Ada RS Diskriminatif ke Pasien BPJS: Dirawat di Basement, Campur Tempat Parkir;https://health.detik.com/berita-detikhealth/d-6666660/ada-rs-diskriminatif-ke-pasien-bpjs-dirawat-di-basement-campur-tempat-parkir;detikHealth;Selasa, 11 Apr 2023 11:47 WIB
Kemenkes Tekankan Kelas BPJS Kesehatan Tidak Dihapus;https://health.detik.com/detiktv/d-6781510/kemenkes-tekankan-kelas-bpjs-kesehatan-tidak-dihapus;detikHealth;Senin, 19 Jun 2023 18:30 WIB
30 Persen Warga Baduy Sudah Pakai BPJS Kesehatan, Terbanyak untuk Sakit Kulit-ISPA;https://health.detik.com/berita-detikhealth/d-6952126/30-persen-warga-baduy-sudah-pakai-bpjs-kesehatan-terbanyak-untuk-sakit-kulit-ispa;detikHealth;Selasa, 26 Sep 2023 21:44 WIB
Direksi BPJS Kesehatan 'Ngantor' di Puskesmas Kota Pangkalpinang;https://health.detik.com/berita-detikhealth/d-6833408/direksi-bpjs-kesehatan-ngantor-di-puskesmas-kota-pangkalpinang;detikHealth;Kamis, 20 Jul 2023 22:00 WIB
Iuran Peserta BPJS Kesehatan Direncanakan Naik di Tahun 2025;https://health.detik.com/berita-detikhealth/d-6829343/iuran-peserta-bpjs-kesehatan-direncanakan-naik-di-tahun-2025;detikHealth;Selasa, 18 Jul 2023 16:01 WIB
Tanggapan Dirut soal Penghapusan Kelas 1, 2, 3 BPJS Kesehatan;https://health.detik.com/berita-detikhealth/d-6829753/tanggapan-dirut-soal-penghapusan-kelas-1-2-3-bpjs-kesehatan;detikHealth;Selasa, 18 Jul 2023 18:30 WIB
Pasien Ida Dayak Keluhkan Medis Mahal, BPJS Pastikan Patah Tulang Dicover;https://health.detik.com/berita-detikhealth/d-6659096/pasien-ida-dayak-keluhkan-medis-mahal-bpjs-pastikan-patah-tulang-dicover;detikHealth;Kamis, 06 Apr 2023 13:31 WIB
Rencana Kenaikan Iuran Peserta BPJS Kesehatan di Tahun 2025;https://health.detik.com/detiktv/d-6830789/rencana-kenaikan-iuran-peserta-bpjs-kesehatan-di-tahun-2025;detikHealth;Rabu, 19 Jul 2023 13:07 WIB
Begini Beda Fasilitas KRIS Vs Kelas BPJS Kesehatan;https://health.detik.com/berita-detikhealth/d-6822670/begini-beda-fasilitas-kris-vs-kelas-bpjs-kesehatan;detikHealth;Jumat, 14 Jul 2023 15:00 WIB
Soal Posisi BPJS Kesehatan di RUU Kesehatan, Apa Jadinya Jika di Bawah Menkes?;https://health.detik.com/berita-detikhealth/d-6648859/soal-posisi-bpjs-kesehatan-di-ruu-kesehatan-apa-jadinya-jika-di-bawah-menkes;detikHealth;Jumat, 31 Mar 2023 17:00 WIB
Jangan Ragu Berobat, Biaya Pasien Obesitas Dipastikan Dicover BPJS Kesehatan;https://health.detik.com/berita-detikhealth/d-6817267/jangan-ragu-berobat-biaya-pasien-obesitas-dipastikan-dicover-bpjs-kesehatan;detikHealth;Selasa, 11 Jul 2023 16:00 WIB
Denise Chariesta Pengin Lahiran Caesar, Bisa Ditanggung BPJS Nggak Ya?;https://health.detik.com/berita-detikhealth/d-6812129/denise-chariesta-pengin-lahiran-caesar-bisa-ditanggung-bpjs-nggak-ya;detikHealth;Sabtu, 08 Jul 2023 09:15 WIB
Denise Chariesta Galang Donasi Biaya Lahiran, Ogah Pakai BPJS Kesehatan;https://health.detik.com/berita-detikhealth/d-6812037/denise-chariesta-galang-donasi-biaya-lahiran-ogah-pakai-bpjs-kesehatan;detikHealth;Sabtu, 08 Jul 2023 07:57 WIB
Kata BPJS Kesehatan soal Nakes Bikin Konten Bandingkan Pelayanan Pasien;https://health.detik.com/berita-detikhealth/d-6626319/kata-bpjs-kesehatan-soal-nakes-bikin-konten-bandingkan-pelayanan-pasien;detikHealth;Sabtu, 18 Mar 2023 19:00 WIB
RI Masuk 'Endemi', Vaksinasi COVID-19 Ditanggung BPJS Kesehatan?;https://health.detik.com/berita-detikhealth/d-6803889/ri-masuk-endemi-vaksinasi-covid-19-ditanggung-bpjs-kesehatan;detikHealth;Senin, 03 Jul 2023 17:01 WIB
Ida Dayak Ramai Peminat karena Gratis, Sesulit Itukah Urus BPJS Kesehatan?;https://health.detik.com/berita-detikhealth/d-6658898/ida-dayak-ramai-peminat-karena-gratis-sesulit-itukah-urus-bpjs-kesehatan;detikHealth;Kamis, 06 Apr 2023 12:30 WIB
Perawatan Pemuda Obesitas 230 Kg Asal Jaktim Dicover BPJS Kesehatan;https://health.detik.com/berita-detikhealth/d-6809777/perawatan-pemuda-obesitas-230-kg-asal-jaktim-dicover-bpjs-kesehatan;detikHealth;Kamis, 06 Jul 2023 19:03 WIB
Sakit Usai Kepulangan Haji Ditanggung BPJS Kesehatan, Syaratnya?;https://health.detik.com/detiktv/d-6804426/sakit-usai-kepulangan-haji-ditanggung-bpjs-kesehatan-syaratnya;detikHealth;Senin, 03 Jul 2023 22:04 WIB
Menkes Ungkap Penyakit Akibat Polusi Udara Bebani BPJS Rp 10 T;https://health.detik.com/berita-detikhealth/d-6901043/menkes-ungkap-penyakit-akibat-polusi-udara-bebani-bpjs-rp-10-t;detikHealth;Selasa, 29 Agu 2023 07:31 WIB
Eka Hospital Cibubur Jalin Kerja Sama dengan BPJS Kesehatan;https://health.detik.com/berita-detikhealth/d-6809843/eka-hospital-cibubur-jalin-kerja-sama-dengan-bpjs-kesehatan;detikHealth;Jumat, 07 Jul 2023 10:00 WIB
Menkes Perkirakan Beban BPJS Kesehatan Akibat Polusi Udara Bakal Lebih Rp 10 T;https://health.detik.com/berita-detikhealth/d-6903518/menkes-perkirakan-beban-bpjs-kesehatan-akibat-polusi-udara-bakal-lebih-rp-10-t;detikHealth;Rabu, 30 Agu 2023 12:59 WIB
BPJS Pastikan Biaya Pasien COVID Ditanggung, Termasuk Obat-obatan?;https://health.detik.com/berita-detikhealth/d-6787632/bpjs-pastikan-biaya-pasien-covid-ditanggung-termasuk-obat-obatan;detikHealth;Kamis, 22 Jun 2023 20:30 WIB
dr Tirta Sorot Nakes Joget TikTok Remehkan Pasien BPJS: Tak Boleh Diskriminasi!;https://health.detik.com/berita-detikhealth/d-6627017/dr-tirta-sorot-nakes-joget-tiktok-remehkan-pasien-bpjs-tak-boleh-diskriminasi;detikHealth;Minggu, 19 Mar 2023 12:01 WIB
Heboh Nakes Bedakan Layanan Pasien BPJS Bikin Geram, Bakal Disidang Etik?;https://health.detik.com/berita-detikhealth/d-6626792/heboh-nakes-bedakan-layanan-pasien-bpjs-bikin-geram-bakal-disidang-etik;detikHealth;Minggu, 19 Mar 2023 08:00 WIB
Viral Nakes Joget TikTok Bedakan Layanan Pasien BPJS Vs Umum, Dirujak Netizen;https://health.detik.com/berita-detikhealth/d-6625954/viral-nakes-joget-tiktok-bedakan-layanan-pasien-bpjs-vs-umum-dirujak-netizen;detikHealth;Sabtu, 18 Mar 2023 14:00 WIB
Viral Pasien Sakit Jantung Tak Bisa Operasi karena Biaya, BPJS Beri Tanggapan;https://health.detik.com/berita-detikhealth/d-6885399/viral-pasien-sakit-jantung-tak-bisa-operasi-karena-biaya-bpjs-beri-tanggapan;detikHealth;Sabtu, 19 Agu 2023 21:30 WIB
Pakar IDI Tegur Nakes yang Viral Bedakan Pelayanan Pasien Umum dan BPJS;https://health.detik.com/detiktv/d-6626900/pakar-idi-tegur-nakes-yang-viral-bedakan-pelayanan-pasien-umum-dan-bpjs;detikHealth;Minggu, 19 Mar 2023 10:22 WIB
BPJS Kesehatan Buka-bukaan soal Anggaran, Pastikan Tak Ada Utang ke RS;https://health.detik.com/berita-detikhealth/d-6618798/bpjs-kesehatan-buka-bukaan-soal-anggaran-pastikan-tak-ada-utang-ke-rs;detikHealth;Selasa, 14 Mar 2023 18:30 WIB
Ramai-ramai Warga Badui Mulai Mau Berobat Pakai BPJS;https://health.detik.com/berita-detikhealth/d-6766314/ramai-ramai-warga-badui-mulai-mau-berobat-pakai-bpjs;detikHealth;Minggu, 11 Jun 2023 09:40 WIB
Buat Tingkatkan Layanan, BPJS Kesehatan Gelar Lomba Inovasi Berbasis TI;https://health.detik.com/berita-detikhealth/d-6764385/buat-tingkatkan-layanan-bpjs-kesehatan-gelar-lomba-inovasi-berbasis-ti;detikHealth;Jumat, 09 Jun 2023 18:02 WIB
Nakes yang Bikin Konten Bedakan Layanan BPJS Vs Umum Minta Maaf;https://health.detik.com/detiktv/d-6626297/nakes-yang-bikin-konten-bedakan-layanan-bpjs-vs-umum-minta-maaf;detikHealth;Sabtu, 18 Mar 2023 18:38 WIB
Buka-bukaan BPJS Kesehatan soal Alasan Jutaan Warga RI Pilih Berobat ke LN;https://health.detik.com/berita-detikhealth/d-6621167/buka-bukaan-bpjs-kesehatan-soal-alasan-jutaan-warga-ri-pilih-berobat-ke-ln;detikHealth;Kamis, 16 Mar 2023 06:00 WIB
Heboh 2 Juta Pasien RI Berobat ke LN, BPJS Ungkit yang Nggak Sembuh Juga Ada;https://health.detik.com/berita-detikhealth/d-6619099/heboh-2-juta-pasien-ri-berobat-ke-ln-bpjs-ungkit-yang-nggak-sembuh-juga-ada;detikHealth;Rabu, 15 Mar 2023 06:30 WIB
Penyakit Jantung Juara 1 Pengeluaran BPJS Kesehatan, Klaimnya Capai Rp 12 T;https://health.detik.com/berita-detikhealth/d-6829171/penyakit-jantung-juara-1-pengeluaran-bpjs-kesehatan-klaimnya-capai-rp-12-t;detikHealth;Selasa, 18 Jul 2023 15:00 WIB
Menkes Minta Biaya Pengobatan Bayi Obesitas di Bekasi Ditanggung BPJS;https://health.detik.com/berita-detikhealth/d-6583455/menkes-minta-biaya-pengobatan-bayi-obesitas-di-bekasi-ditanggung-bpjs;detikHealth;Rabu, 22 Feb 2023 18:30 WIB
BPJS Kesehatan Bandingkan Akses Obat di LN Vs RI, Begini Temuannya;https://health.detik.com/berita-detikhealth/d-6630523/bpjs-kesehatan-bandingkan-akses-obat-di-ln-vs-ri-begini-temuannya;detikHealth;Selasa, 21 Mar 2023 13:06 WIB
Menkes Buka Suara soal Heboh BPJS Kesehatan Kelas 1-3 Dihapus;https://health.detik.com/berita-detikhealth/d-6821720/menkes-buka-suara-soal-heboh-bpjs-kesehatan-kelas-1-3-dihapus;detikHealth;Jumat, 14 Jul 2023 07:00 WIB
Alasan Denise Ogah Pakai BPJS Kesehatan untuk Lahiran: Enggan Jadi Beban Negara;https://health.detik.com/berita-detikhealth/d-6812388/alasan-denise-ogah-pakai-bpjs-kesehatan-untuk-lahiran-enggan-jadi-beban-negara;detikHealth;Sabtu, 08 Jul 2023 13:00 WIB
Biaya Perawatan Bayi Obesitas di Bekasi Dipastikan Ditanggung BPJS Kesehatan;https://health.detik.com/berita-detikhealth/d-6586988/biaya-perawatan-bayi-obesitas-di-bekasi-dipastikan-ditanggung-bpjs-kesehatan;detikHealth;Jumat, 24 Feb 2023 16:30 WIB
Curhat Viral Warga Masuk IGD Tak Bisa Pakai BPJS, Ini Faktanya;https://health.detik.com/berita-detikhealth/d-6618434/curhat-viral-warga-masuk-igd-tak-bisa-pakai-bpjs-ini-faktanya;detikHealth;Selasa, 14 Mar 2023 15:39 WIB
Bukan soal Kualitas Dokter, BPJS Ungkap 'Biang Kerok' Warga RI Berobat ke LN;https://health.detik.com/berita-detikhealth/d-6619823/bukan-soal-kualitas-dokter-bpjs-ungkap-biang-kerok-warga-ri-berobat-ke-ln;detikHealth;Rabu, 15 Mar 2023 11:00 WIB
Kena COVID-19 di Masa Endemi? Bisa Pakai BPJS Kesehatan, Begini Caranya;https://health.detik.com/berita-detikhealth/d-6804384/kena-covid-19-di-masa-endemi-bisa-pakai-bpjs-kesehatan-begini-caranya;detikHealth;Selasa, 04 Jul 2023 07:00 WIB
Menkes Pastikan Pemeriksaan Kanker Serviks Tahun Ini Ditanggung BPJS;https://health.detik.com/berita-detikhealth/d-6551354/menkes-pastikan-pemeriksaan-kanker-serviks-tahun-ini-ditanggung-bpjs;detikHealth;Sabtu, 04 Feb 2023 16:01 WIB
Kelas 1, 2, 3 BPJS Kesehatan Dihapus, Apa Penggantinya?;https://health.detik.com/berita-detikhealth/d-6561184/kelas-1-2-3-bpjs-kesehatan-dihapus-apa-penggantinya;detikHealth;Jumat, 10 Feb 2023 07:30 WIB
Menkes Hapus Kelas BPJS Kesehatan, Iuran Bakal Naik?;https://health.detik.com/berita-detikhealth/d-6559409/menkes-hapus-kelas-bpjs-kesehatan-iuran-bakal-naik;detikHealth;Kamis, 09 Feb 2023 09:32 WIB
RI Masuk 'Endemi' COVID-19, BPJS Kesehatan Pastikan Biaya Pengobatan Dicover;https://health.detik.com/berita-detikhealth/d-6786359/ri-masuk-endemi-covid-19-bpjs-kesehatan-pastikan-biaya-pengobatan-dicover;detikHealth;Kamis, 22 Jun 2023 12:20 WIB
Status Pandemi Dicabut, Pengobatan Covid-19 Bakal Pakai BPJS dan PBI;https://health.detik.com/detiktv/d-6786436/status-pandemi-dicabut-pengobatan-covid-19-bakal-pakai-bpjs-dan-pbi;detikHealth;Kamis, 22 Jun 2023 12:53 WIB
BPJS Kesehatan: Sebaiknya Pengganti Kelas 1-3 Diterapkan Pasca Uji Coba Selesai;https://health.detik.com/berita-detikhealth/d-6568690/bpjs-kesehatan-sebaiknya-pengganti-kelas-1-3-diterapkan-pasca-uji-coba-selesai;detikHealth;Selasa, 14 Feb 2023 17:30 WIB
Ini Dia Pengganti Kelas 1, 2, 3 BPJS Kesehatan yang Mulai Dihapus 2023;https://health.detik.com/berita-detikhealth/d-6779032/ini-dia-pengganti-kelas-1-2-3-bpjs-kesehatan-yang-mulai-dihapus-2023;detikHealth;Minggu, 18 Jun 2023 12:01 WIB
Ada yang Baru di BPJS Kesehatan, Ternyata Ini Gunanya 'I-Care';https://health.detik.com/berita-detikhealth/d-6787550/ada-yang-baru-di-bpjs-kesehatan-ternyata-ini-gunanya-i-care;detikHealth;Kamis, 22 Jun 2023 19:28 WIB
Pengganti Kelas BPJS Kesehatan 1, 2, 3 yang Bakal Dihapus Tahun Ini;https://health.detik.com/berita-detikhealth/d-6769965/pengganti-kelas-bpjs-kesehatan-1-2-3-yang-bakal-dihapus-tahun-ini;detikHealth;Selasa, 13 Jun 2023 13:00 WIB
Bukan Cuma Tempat Tidur, Ini Kriteria Kamar Rawat Inap saat Kelas 1-3 BPJS Dihapus;https://health.detik.com/berita-detikhealth/d-6561251/bukan-cuma-tempat-tidur-ini-kriteria-kamar-rawat-inap-saat-kelas-1-3-bpjs-dihapus;detikHealth;Jumat, 10 Feb 2023 08:33 WIB
Kelas 1, 2, 3 BPJS Kesehatan Dihapus, Iuran Bakal Naik? Ini Kata Kemenkes;https://health.detik.com/berita-detikhealth/d-6563295/kelas-1-2-3-bpjs-kesehatan-dihapus-iuran-bakal-naik-ini-kata-kemenkes;detikHealth;Sabtu, 11 Feb 2023 12:17 WIB
Kecelakaan Mudik Bisa Ditanggung BPJS Kesehatan, Ini Syaratnya;https://health.detik.com/berita-detikhealth/d-6679674/kecelakaan-mudik-bisa-ditanggung-bpjs-kesehatan-ini-syaratnya;detikHealth;Selasa, 18 Apr 2023 13:29 WIB
Sederet Upaya BPJS Kesehatan Dukung Ketahanan Kesehatan Nasional;https://health.detik.com/berita-detikhealth/d-6670673/sederet-upaya-bpjs-kesehatan-dukung-ketahanan-kesehatan-nasional;detikHealth;Kamis, 13 Apr 2023 11:04 WIB
Viral BPJS Kesehatan Bagi-bagi Hadiah Rp 125 Juta, Ternyata Ini Faktanya;https://health.detik.com/berita-detikhealth/d-6542289/viral-bpjs-kesehatan-bagi-bagi-hadiah-rp-125-juta-ternyata-ini-faktanya;detikHealth;Senin, 30 Jan 2023 17:15 WIB
Dirut BPJS Kesehatan Tinjau Pelayanan bagi Peserta JKN di RSUD Cibinong;https://health.detik.com/berita-detikhealth/d-6743508/dirut-bpjs-kesehatan-tinjau-pelayanan-bagi-peserta-jkn-di-rsud-cibinong;detikHealth;Minggu, 28 Mei  2023 17:49 WIB
Kemenkes Beberkan 4 Penyakit Mematikan di RI Bikin Tekor Belanja BPJS;https://health.detik.com/berita-detikhealth/d-6541407/kemenkes-beberkan-4-penyakit-mematikan-di-ri-bikin-tekor-belanja-bpjs;detikHealth;Senin, 30 Jan 2023 11:19 WIB
Respons Kemenkes sampai BPJS Kesehatan soal Pengobatan ala Ida Dayak;https://health.detik.com/berita-detikhealth/d-6659829/respons-kemenkes-sampai-bpjs-kesehatan-soal-pengobatan-ala-ida-dayak;detikHealth;Jumat, 07 Apr 2023 05:00 WIB
Dirut BPJS Kesehatan Paparkan Layanan Skrining ke Kemenkes Malaysia;https://health.detik.com/berita-detikhealth/d-6660877/dirut-bpjs-kesehatan-paparkan-layanan-skrining-ke-kemenkes-malaysia;detikHealth;Jumat, 07 Apr 2023 14:08 WIB
Berobat Pakai BPJS, Layanan RS Kok Lelet? Pahami Ini Sebelum 'Ngegas';https://health.detik.com/berita-detikhealth/d-6542095/berobat-pakai-bpjs-layanan-rs-kok-lelet-pahami-ini-sebelum-ngegas;detikHealth;Senin, 30 Jan 2023 16:05 WIB
Apakah Transplantasi Ginjal Ditanggung BPJS Kesehatan? Begini Aturannya;https://health.detik.com/berita-detikhealth/d-6516987/apakah-transplantasi-ginjal-ditanggung-bpjs-kesehatan-begini-aturannya;detikHealth;Minggu, 15 Jan 2023 20:31 WIB
Tarif Layanan Peserta JKN Disesuaikan, Iuran BPJS Kesehatan Auto Naik?;https://health.detik.com/berita-detikhealth/d-6517473/tarif-layanan-peserta-jkn-disesuaikan-iuran-bpjs-kesehatan-auto-naik;detikHealth;Senin, 16 Jan 2023 10:34 WIB
Nunggak Iuran BPJS Kesehatan Bertahun-tahun? Tak Perlu Bayar Semua, Ini Aturannya;https://health.detik.com/berita-detikhealth/d-6528768/nunggak-iuran-bpjs-kesehatan-bertahun-tahun-tak-perlu-bayar-semua-ini-aturannya;detikHealth;Minggu, 22 Jan 2023 15:10 WIB
Kata BPJS Kesehatan soal Viral Curhat Tak Bayar Iuran Selama 11 Tahun;https://health.detik.com/berita-detikhealth/d-6528345/kata-bpjs-kesehatan-soal-viral-curhat-tak-bayar-iuran-selama-11-tahun;detikHealth;Minggu, 22 Jan 2023 09:20 WIB
Kemenkes Tanggapi Video Viral Nakes Bedakan Layanan BPJS Vs Umum;https://health.detik.com/berita-detikhealth/d-6629104/kemenkes-tanggapi-video-viral-nakes-bedakan-layanan-bpjs-vs-umum;detikHealth;Senin, 20 Mar 2023 17:01 WIB
Pengakuan Staf Puskesmas Lambunu Remehkan Pasien BPJS, Menyesal Setelah Viral;https://health.detik.com/berita-detikhealth/d-6627353/pengakuan-staf-puskesmas-lambunu-remehkan-pasien-bpjs-menyesal-setelah-viral;detikHealth;Minggu, 19 Mar 2023 17:00 WIB
Viral Nunggak Iuran BPJS Kesehatan 11 Tahun, Harus Bayar Full Biar Aktif Lagi?;https://health.detik.com/berita-detikhealth/d-6529230/viral-nunggak-iuran-bpjs-kesehatan-11-tahun-harus-bayar-full-biar-aktif-lagi;detikHealth;Senin, 23 Jan 2023 05:56 WIB
PPNI Sentil Etik Nakes Bedakan Layanan Pasien BPJS dan Umum;https://health.detik.com/berita-detikhealth/d-6626113/ppni-sentil-etik-nakes-bedakan-layanan-pasien-bpjs-dan-umum;detikHealth;Sabtu, 18 Mar 2023 15:56 WIB
BPJS Kesehatan Sediakan Pijat Tuna Netra di Posko Mudik, Cek Lokasinya;https://health.detik.com/berita-detikhealth/d-6680339/bpjs-kesehatan-sediakan-pijat-tuna-netra-di-posko-mudik-cek-lokasinya;detikHealth;Selasa, 18 Apr 2023 17:46 WIB
Apakah BPJS Kesehatan Tanggung Biaya jika Tergigit Ular?;https://health.detik.com/detiktv/d-6503274/apakah-bpjs-kesehatan-tanggung-biaya-jika-tergigit-ular;detikHealth;Sabtu, 07 Jan 2023 15:04 WIB
Kata BPJS Kesehatan soal Dokter Umum Digaji Rp 1.000 per Pasien;https://health.detik.com/berita-detikhealth/d-6673210/kata-bpjs-kesehatan-soal-dokter-umum-digaji-rp-1-000-per-pasien;detikHealth;Jumat, 14 Apr 2023 15:30 WIB
Daftar 21 Penyakit yang Tak Ditanggung BPJS Kesehatan;https://health.detik.com/berita-detikhealth/d-6495452/daftar-21-penyakit-yang-tak-ditanggung-bpjs-kesehatan;detikHealth;Selasa, 03 Jan 2023 09:30 WIB
Dirut BPJS Bicara Sanksi RS 'Nakal', Klaim Miliaran tapi Pasien Bodong;https://health.detik.com/berita-detikhealth/d-6666270/dirut-bpjs-bicara-sanksi-rs-nakal-klaim-miliaran-tapi-pasien-bodong;detikHealth;Selasa, 11 Apr 2023 07:31 WIB
Sanksi Tegas BPJS Kesehatan Bagi RS yang Lakukan Manipulasi Tagihan JKN;https://health.detik.com/berita-detikhealth/d-6661296/sanksi-tegas-bpjs-kesehatan-bagi-rs-yang-lakukan-manipulasi-tagihan-jkn;detikHealth;Jumat, 07 Apr 2023 18:29 WIB
Praktik Curang Manipulasi Tagihan RS Diungkap BPJS, Begini Sanksi yang Menanti;https://health.detik.com/berita-detikhealth/d-6660388/praktik-curang-manipulasi-tagihan-rs-diungkap-bpjs-begini-sanksi-yang-menanti;detikHealth;Jumat, 07 Apr 2023 07:33 WIB
Bos BPJS Kesehatan Ungkap Kecurangan RS, Klaim Miliaran tapi Tak Ada Pasien;https://health.detik.com/berita-detikhealth/d-6660315/bos-bpjs-kesehatan-ungkap-kecurangan-rs-klaim-miliaran-tapi-tak-ada-pasien;detikHealth;Jumat, 07 Apr 2023 04:15 WIB
Biaya Operasi Perdarahan Otak Seperti Indra Bekti Ditanggung BPJS, Ini Syaratnya;https://health.detik.com/berita-detikhealth/d-6496257/biaya-operasi-perdarahan-otak-seperti-indra-bekti-ditanggung-bpjs-ini-syaratnya;detikHealth;Selasa, 03 Jan 2023 15:15 WIB
Klaim Asuransi Indra Bekti Ditolak, Keluarga Ungkap Alasan Tak Pakai BPJS;https://health.detik.com/berita-detikhealth/d-6496645/klaim-asuransi-indra-bekti-ditolak-keluarga-ungkap-alasan-tak-pakai-bpjs;detikHealth;Selasa, 03 Jan 2023 17:32 WIB
Viral Dibahas, Perdarahan Otak Seperti Indra Bekti Di-cover BPJS Nggak Sih?;https://health.detik.com/berita-detikhealth/d-6494232/viral-dibahas-perdarahan-otak-seperti-indra-bekti-di-cover-bpjs-nggak-sih;detikHealth;Senin, 02 Jan 2023 14:29 WIB
Kemenkes Pastikan Biaya Perawatan Bayi Obesitas di Bekasi Dicover BPJS;https://health.detik.com/berita-detikhealth/d-6584743/kemenkes-pastikan-biaya-perawatan-bayi-obesitas-di-bekasi-dicover-bpjs;detikHealth;Kamis, 23 Feb 2023 14:31 WIB
Rumah Sakit di Indonesia yang Terapkan KRIS BPJS Kesehatan;https://health.detik.com/detiktv/d-6578763/rumah-sakit-di-indonesia-yang-terapkan-kris-bpjs-kesehatan;detikHealth;Senin, 20 Feb 2023 14:34 WIB
Perdarahan Otak Seperti Dialami Indra Bekti Apakah Ditanggung BPJS? Ini Faktanya;https://health.detik.com/berita-detikhealth/d-6495336/perdarahan-otak-seperti-dialami-indra-bekti-apakah-ditanggung-bpjs-ini-faktanya;detikHealth;Selasa, 03 Jan 2023 07:37 WIB
Viral Nakes Bikin Konten Bedakan Layanan Pasien BPJS VS Umum, Pakar IDI Angkat Bicara;https://health.detik.com/berita-detikhealth/d-6626039/viral-nakes-bikin-konten-bedakan-layanan-pasien-bpjs-vs-umum-pakar-idi-angkat-bicara;detikHealth;Sabtu, 18 Mar 2023 15:00 WIB
Nakes 'Dirujak' Netizen hingga Minta Maaf gegara Konten Viral Pasien BPJS;https://health.detik.com/berita-detikhealth/d-6626266/nakes-dirujak-netizen-hingga-minta-maaf-gegara-konten-viral-pasien-bpjs;detikHealth;Minggu, 19 Mar 2023 05:30 WIB
Banjir Hujatan, Nakes Viral Joget Tiktok Bedakan Pasien BPJS Minta Maaf;https://health.detik.com/berita-detikhealth/d-6626225/banjir-hujatan-nakes-viral-joget-tiktok-bedakan-pasien-bpjs-minta-maaf;detikHealth;Sabtu, 18 Mar 2023 17:30 WIB
Menkes Ungkap Alasan di Balik Pemerintah Terapkan KRIS, Hapus Kelas BPJS;https://health.detik.com/berita-detikhealth/d-6629170/menkes-ungkap-alasan-di-balik-pemerintah-terapkan-kris-hapus-kelas-bpjs;detikHealth;Senin, 20 Mar 2023 17:30 WIB
Fakta-fakta Kelas BPJS Kesehatan Dihapus: Iuran hingga Kapasitas Kamar;https://health.detik.com/berita-detikhealth/d-6560956/fakta-fakta-kelas-bpjs-kesehatan-dihapus-iuran-hingga-kapasitas-kamar;detikHealth;Jumat, 10 Feb 2023 06:00 WIB
Seputar Kelas BPJS Kesehatan yang Akan Dihapus Tahun Ini;https://health.detik.com/detiktv/d-6561467/seputar-kelas-bpjs-kesehatan-yang-akan-dihapus-tahun-ini;detikHealth;Jumat, 10 Feb 2023 09:39 WIB
Standar Baru Pelayanan BPJS Kesehatan Bakal Tanggung Biaya Cangkok Organ;https://health.detik.com/berita-detikhealth/d-6561526/standar-baru-pelayanan-bpjs-kesehatan-bakal-tanggung-biaya-cangkok-organ;detikHealth;Jumat, 10 Feb 2023 11:05 WIB
Menkes Hapus Kelas 1, 2, 3 BPJS Kesehatan Tahun Ini!;https://health.detik.com/berita-detikhealth/d-6559344/menkes-hapus-kelas-1-2-3-bpjs-kesehatan-tahun-ini;detikHealth;Kamis, 09 Feb 2023 08:19 WIB
Perdarahan Otak seperti Dialami Indra Bekti Dicover BPJS Kok! Ini Aturannya;https://health.detik.com/berita-detikhealth/d-6494661/perdarahan-otak-seperti-dialami-indra-bekti-dicover-bpjs-kok-ini-aturannya;detikHealth;Senin, 02 Jan 2023 17:10 WIB
Menkes Blak-blakan Penyakit yang Bikin Tekor BPJS Kesehatan;https://health.detik.com/berita-detikhealth/d-6549410/menkes-blak-blakan-penyakit-yang-bikin-tekor-bpjs-kesehatan;detikHealth;Jumat, 03 Feb 2023 13:18 WIB
Apakah Biaya Pengobatan Pasien 'Cacar Monyet' Mpox Ditanggung BPJS Kesehatan?;https://health.detik.com/berita-detikhealth/d-7508554/apakah-biaya-pengobatan-pasien-cacar-monyet-mpox-ditanggung-bpjs-kesehatan;detikHealth;Senin, 26 Agu 2024 09:35 WIB
Apakah Pasang Behel Bisa Pakai BPJS Kesehatan?;https://health.detik.com/berita-detikhealth/d-6499476/apakah-pasang-behel-bisa-pakai-bpjs-kesehatan;detikHealth;Kamis, 05 Jan 2023 11:50 WIB
Tergigit Ular, Apakah Ditanggung BPJS Kesehatan?;https://health.detik.com/berita-detikhealth/d-6499574/tergigit-ular-apakah-ditanggung-bpjs-kesehatan;detikHealth;Kamis, 05 Jan 2023 12:30 WIB
Kata Menkes soal Heboh 'BPJS Orang Kaya';https://health.detik.com/detiktv/d-6426115/kata-menkes-soal-heboh-bpjs-orang-kaya;detikHealth;Jumat, 25 Nov 2022 13:47 WIB
Pengganti Kelas 1, 2, 3 BPJS Kesehatan yang Bakal Dihapus Menkes;https://health.detik.com/berita-detikhealth/d-6563084/pengganti-kelas-1-2-3-bpjs-kesehatan-yang-bakal-dihapus-menkes;detikHealth;Sabtu, 11 Feb 2023 09:17 WIB
Siasat Menkes Agar BPJS Kesehatan Tak Lagi Tekor;https://health.detik.com/berita-detikhealth/d-6440185/siasat-menkes-agar-bpjs-kesehatan-tak-lagi-tekor;detikHealth;Sabtu, 03 Des 2022 07:00 WIB
Kelas 1, 2, dan 3 BPJS Kesehatan Dihapus! Aturan Kamar Rawat Inap Jadi Begini;https://health.detik.com/berita-detikhealth/d-6560442/kelas-1-2-dan-3-bpjs-kesehatan-dihapus-aturan-kamar-rawat-inap-jadi-begini;detikHealth;Kamis, 09 Feb 2023 17:00 WIB
Kelas BPJS Dihapus, Wamenkes Sebut Maksimal Ruang Rawat Inap Jadi 4 Orang;https://health.detik.com/berita-detikhealth/d-6559945/kelas-bpjs-dihapus-wamenkes-sebut-maksimal-ruang-rawat-inap-jadi-4-orang;detikHealth;Kamis, 09 Feb 2023 13:29 WIB
10 RS Ini Uji Coba Kelas Rawat Inap Standar BPJS Kesehatan;https://health.detik.com/berita-detikhealth/d-6561339/10-rs-ini-uji-coba-kelas-rawat-inap-standar-bpjs-kesehatan;detikHealth;Jumat, 10 Feb 2023 09:32 WIB
Dimulai Tahun Ini, Kelas 1-3 BPJS Kesehatan Dihapus Bertahap hingga 2025;https://health.detik.com/berita-detikhealth/d-6561439/dimulai-tahun-ini-kelas-1-3-bpjs-kesehatan-dihapus-bertahap-hingga-2025;detikHealth;Jumat, 10 Feb 2023 10:30 WIB
Gaduh Wacana 'BPJS Orang Kaya', Menkes Buka-bukaan Jelaskan Maksudnya;https://health.detik.com/berita-detikhealth/d-6427319/gaduh-wacana-bpjs-orang-kaya-menkes-buka-bukaan-jelaskan-maksudnya;detikHealth;Sabtu, 26 Nov 2022 06:15 WIB
BPJS Kesehatan Buka Suara soal Heboh Konglomerat Bikin Tekor;https://health.detik.com/berita-detikhealth/d-6426583/bpjs-kesehatan-buka-suara-soal-heboh-konglomerat-bikin-tekor;detikHealth;Jumat, 25 Nov 2022 17:20 WIB
Menkes Klarifikasi Heboh 'BPJS Orang Kaya', Ini Penjelasannya;https://health.detik.com/berita-detikhealth/d-6425851/menkes-klarifikasi-heboh-bpjs-orang-kaya-ini-penjelasannya;detikHealth;Jumat, 25 Nov 2022 11:45 WIB
Wajib Tahu! Daftar Penyakit yang Tidak Dicover BPJS Kesehatan;https://health.detik.com/berita-detikhealth/d-6503200/wajib-tahu-daftar-penyakit-yang-tidak-dicover-bpjs-kesehatan;detikHealth;Sabtu, 07 Jan 2023 13:59 WIB
Catatan YLKI Soal Warga Ngeluh Tak Dapat Manfaat BPJS Meski Rajin Bayar Iuran;https://health.detik.com/berita-detikhealth/d-6541920/catatan-ylki-soal-warga-ngeluh-tak-dapat-manfaat-bpjs-meski-rajin-bayar-iuran;detikHealth;Senin, 30 Jan 2023 15:02 WIB
Obat Kanker Limfoma Pertama Buatan RI Disetujui BPOM, Bakal Ditanggung BPJS?;https://health.detik.com/berita-detikhealth/d-6542647/obat-kanker-limfoma-pertama-buatan-ri-disetujui-bpom-bakal-ditanggung-bpjs;detikHealth;Selasa, 31 Jan 2023 05:30 WIB
Rencana Menkes Bikin 'BPJS Orang Kaya' Agar Tak Bebani Negara;https://health.detik.com/berita-detikhealth/d-6421397/rencana-menkes-bikin-bpjs-orang-kaya-agar-tak-bebani-negara;detikHealth;Rabu, 23 Nov 2022 09:47 WIB
Iuran BPJS Kesehatan Tidak Alami Kenaikan Sampai 2024;https://health.detik.com/detiktv/d-6421064/iuran-bpjs-kesehatan-tidak-alami-kenaikan-sampai-2024;detikHealth;Selasa, 22 Nov 2022 23:01 WIB
Kelas BPJS Kesehatan Mau Dihapus, Begini Kata RS;https://health.detik.com/berita-detikhealth/d-6420926/kelas-bpjs-kesehatan-mau-dihapus-begini-kata-rs;detikHealth;Rabu, 23 Nov 2022 07:31 WIB
Pemerintah Tak Naikkan Iuran BPJS Kesehatan Sampai 2024!;https://health.detik.com/berita-detikhealth/d-6420635/pemerintah-tak-naikkan-iuran-bpjs-kesehatan-sampai-2024;detikHealth;Selasa, 22 Nov 2022 18:45 WIB
Hore! Skrining 14 Penyakit Ini Bakal Ditanggung BPJS Kesehatan;https://health.detik.com/berita-detikhealth/d-6420297/hore-skrining-14-penyakit-ini-bakal-ditanggung-bpjs-kesehatan;detikHealth;Selasa, 22 Nov 2022 16:46 WIB
Menkes Singgung Banyak Konglomerat Berobat Pakai BPJS Kesehatan;https://health.detik.com/berita-detikhealth/d-6421245/menkes-singgung-banyak-konglomerat-berobat-pakai-bpjs-kesehatan;detikHealth;Rabu, 23 Nov 2022 07:15 WIB
Siap-siap, Kelas BPJS Kesehatan Akan Dihapus Secara Bertahap;https://health.detik.com/berita-detikhealth/d-6420915/siap-siap-kelas-bpjs-kesehatan-akan-dihapus-secara-bertahap;detikHealth;Rabu, 23 Nov 2022 05:30 WIB
Daftar 8 Penyakit yang Kuras Isi Dompet BPJS Kesehatan, Setahun Habis Rp 20 T;https://health.detik.com/berita-detikhealth/d-6426819/daftar-8-penyakit-yang-kuras-isi-dompet-bpjs-kesehatan-setahun-habis-rp-20-t;detikHealth;Jumat, 25 Nov 2022 18:43 WIB
Menkes Singgung Konglomerat Dibayarin BPJS, Diminta Pakai Asuransi Swasta;https://health.detik.com/berita-detikhealth/d-6420725/menkes-singgung-konglomerat-dibayarin-bpjs-diminta-pakai-asuransi-swasta;detikHealth;Selasa, 22 Nov 2022 19:30 WIB
BPJS Kesehatan Minta RS Utamakan Penggunaan Alkes Produksi Lokal;https://health.detik.com/berita-detikhealth/d-6476068/bpjs-kesehatan-minta-rs-utamakan-penggunaan-alkes-produksi-lokal;detikHealth;Kamis, 22 Des 2022 19:01 WIB
BPJS Beri Penjelasan Biaya Operasi Perdarahan Otak Indra Bekti Tak Dicover;https://health.detik.com/berita-detikhealth/d-6502763/bpjs-beri-penjelasan-biaya-operasi-perdarahan-otak-indra-bekti-tak-dicover;detikHealth;Sabtu, 07 Jan 2023 07:48 WIB
Biaya RS Indra Bekti yang Tak Sepenuhnya Ditanggung BPJS dan Asuransi;https://health.detik.com/berita-detikhealth/d-6502885/biaya-rs-indra-bekti-yang-tak-sepenuhnya-ditanggung-bpjs-dan-asuransi;detikHealth;Sabtu, 07 Jan 2023 09:40 WIB
Kata BPJS Kesehatan soal Operasi Perdarahan Otak Indra Bekti Tak Dicover;https://health.detik.com/berita-detikhealth/d-6501830/kata-bpjs-kesehatan-soal-operasi-perdarahan-otak-indra-bekti-tak-dicover;detikHealth;Jumat, 06 Jan 2023 15:30 WIB
Kemenkes Pastikan Semua Penyakit Menular Ditanggung BPJS Kesehatan;https://health.detik.com/berita-detikhealth/d-6402682/kemenkes-pastikan-semua-penyakit-menular-ditanggung-bpjs-kesehatan;detikHealth;Minggu, 13 Nov 2022 06:00 WIB
Ternyata Ini Alasan Indra Bekti Tak Pakai BPJS Kesehatan untuk Pengobatan;https://health.detik.com/berita-detikhealth/d-6497244/ternyata-ini-alasan-indra-bekti-tak-pakai-bpjs-kesehatan-untuk-pengobatan;detikHealth;Rabu, 04 Jan 2023 07:30 WIB
Simak di Sini! Daftar Penyakit yang Ditanggung dan Tidak Ditanggung BPJS;https://health.detik.com/berita-detikhealth/d-6495552/simak-di-sini-daftar-penyakit-yang-ditanggung-dan-tidak-ditanggung-bpjs;detikHealth;Selasa, 03 Jan 2023 10:31 WIB
Mulai Bulan Depan! 10 RS Ini Uji Coba Kelas Rawat Inap Standar BPJS Kesehatan;https://health.detik.com/berita-detikhealth/d-6420624/mulai-bulan-depan-10-rs-ini-uji-coba-kelas-rawat-inap-standar-bpjs-kesehatan;detikHealth;Selasa, 22 Nov 2022 18:36 WIB
Kena Diabetes dan Harus Berobat, Apakah Ditanggung BPJS? Ini Faktanya;https://health.detik.com/berita-detikhealth/d-6405845/kena-diabetes-dan-harus-berobat-apakah-ditanggung-bpjs-ini-faktanya;detikHealth;Senin, 14 Nov 2022 17:45 WIB
Daftar Penyakit 'Biang Kerok' Tekornya BPJS Kesehatan;https://health.detik.com/berita-detikhealth/d-6438488/daftar-penyakit-biang-kerok-tekornya-bpjs-kesehatan;detikHealth;Jumat, 02 Des 2022 10:01 WIB
Pertama Kalinya! RI Produksi Insulin Lokal Halal, Bisa Pakai BPJS;https://health.detik.com/berita-detikhealth/d-7507145/pertama-kalinya-ri-produksi-insulin-lokal-halal-bisa-pakai-bpjs;detikHealth;Minggu, 25 Agu 2024 05:30 WIB
Menkes Buka-bukaan 3 Penyakit yang Bikin Tekor BPJS Kesehatan;https://health.detik.com/berita-detikhealth/d-6437638/menkes-buka-bukaan-3-penyakit-yang-bikin-tekor-bpjs-kesehatan;detikHealth;Kamis, 01 Des 2022 18:00 WIB
Ingat, Pengobatan Stroke Pakai BPJS Bisa Gratis Lho!;https://health.detik.com/berita-detikhealth/d-6375720/ingat-pengobatan-stroke-pakai-bpjs-bisa-gratis-lho;detikHealth;Sabtu, 29 Okt 2022 05:00 WIB
Konglomerat Membebani BPJS Kesehatan, Pasang Ring Jantung Rp 150 Juta;https://health.detik.com/detiktv/d-6421550/konglomerat-membebani-bpjs-kesehatan-pasang-ring-jantung-rp-150-juta;detikHealth;Rabu, 23 Nov 2022 10:57 WIB
Saat Menkes Singgung Konglomerat Berobat Pakai BPJS Kesehatan;https://health.detik.com/detiktv/d-6421286/saat-menkes-singgung-konglomerat-berobat-pakai-bpjs-kesehatan;detikHealth;Rabu, 23 Nov 2022 08:24 WIB
Tak Punya BPJS? Perawatan Pasien Gagal Ginjal Akut Misterius Tetap Bisa Gratis;https://health.detik.com/berita-detikhealth/d-6368756/tak-punya-bpjs-perawatan-pasien-gagal-ginjal-akut-misterius-tetap-bisa-gratis;detikHealth;Selasa, 25 Okt 2022 18:30 WIB
Warga +62 Merapat! Skrining Awal-Perawatan Stroke Ditanggung BPJS;https://health.detik.com/berita-detikhealth/d-6378152/warga-62-merapat-skrining-awal-perawatan-stroke-ditanggung-bpjs;detikHealth;Minggu, 30 Okt 2022 21:00 WIB
Pasien Kanker Payudara Kerap Telat Berobat, BPJS Kesehatan Nitip Pesan;https://health.detik.com/berita-detikhealth/d-6346937/pasien-kanker-payudara-kerap-telat-berobat-bpjs-kesehatan-nitip-pesan;detikHealth;Jumat, 14 Okt 2022 06:29 WIB
Penyakit Ini Paling Bikin Tekor BPJS, Penyebabnya Kebanyakan Asupan Garam;https://health.detik.com/berita-detikhealth/d-6344745/penyakit-ini-paling-bikin-tekor-bpjs-penyebabnya-kebanyakan-asupan-garam;detikHealth;Kamis, 13 Okt 2022 06:30 WIB
Waduh! Kebiasaan Jajan Gorengan Ternyata Bikin BPJS Tekor, Ini Sebabnya;https://health.detik.com/berita-detikhealth/d-6344994/waduh-kebiasaan-jajan-gorengan-ternyata-bikin-bpjs-tekor-ini-sebabnya;detikHealth;Kamis, 13 Okt 2022 10:01 WIB
Luka Akibat Percobaan Bunuh Diri Bakal Ditanggung Pemerintah? BPJS Bilang Gini;https://health.detik.com/berita-detikhealth/d-6346400/luka-akibat-percobaan-bunuh-diri-bakal-ditanggung-pemerintah-bpjs-bilang-gini;detikHealth;Kamis, 13 Okt 2022 18:33 WIB
131 Anak RI Sakit Ginjal Misterius sampai Perlu Cuci Darah, Dicover BPJS?;https://health.detik.com/berita-detikhealth/d-6344807/131-anak-ri-sakit-ginjal-misterius-sampai-perlu-cuci-darah-dicover-bpjs;detikHealth;Kamis, 13 Okt 2022 07:00 WIB
Cek Kesehatan Mental di Puskesmas Pakai BPJS? Bisa Banget, Begini Caranya;https://health.detik.com/berita-detikhealth/d-6340100/cek-kesehatan-mental-di-puskesmas-pakai-bpjs-bisa-banget-begini-caranya;detikHealth;Senin, 10 Okt 2022 17:40 WIB
Minta Tak Diskriminasi, BPJS Kesehatan Beberkan Inovasi Pelayanan Baru;https://health.detik.com/detiktv/d-6357718/minta-tak-diskriminasi-bpjs-kesehatan-beberkan-inovasi-pelayanan-baru;detikHealth;Rabu, 19 Okt 2022 18:13 WIB
BPJS Kesehatan Apresiasi Faskes-RS Berkomitmen Layani Peserta JKN;https://health.detik.com/berita-detikhealth/d-6357475/bpjs-kesehatan-apresiasi-faskes-rs-berkomitmen-layani-peserta-jkn;detikHealth;Rabu, 19 Okt 2022 16:56 WIB
RSCM Pastikan Biaya Perawatan Gagal Ginjal Misterius Anak Di-cover BPJS;https://health.detik.com/berita-detikhealth/d-6360440/rscm-pastikan-biaya-perawatan-gagal-ginjal-misterius-anak-di-cover-bpjs;detikHealth;Jumat, 21 Okt 2022 06:20 WIB
BPJS Kesehatan Sebut Akan Tanggung Biaya Pasien COVID Mulai 2023;https://health.detik.com/berita-detikhealth/d-6344875/bpjs-kesehatan-sebut-akan-tanggung-biaya-pasien-covid-mulai-2023;detikHealth;Kamis, 13 Okt 2022 08:20 WIB
BPJS Kesehatan Tanggung Biaya Pasien Covid-19 Jika Sudah Endemi;https://health.detik.com/detiktv/d-6345144/bpjs-kesehatan-tanggung-biaya-pasien-covid-19-jika-sudah-endemi;detikHealth;Kamis, 13 Okt 2022 10:36 WIB
Pakai Jampersal, Ini Cara Cek Kehamilan-Melahirkan Gratis Jika Tak Punya BPJS;https://health.detik.com/berita-detikhealth/d-6338076/pakai-jampersal-ini-cara-cek-kehamilan-melahirkan-gratis-jika-tak-punya-bpjs;detikHealth;Minggu, 09 Okt 2022 16:53 WIB
Penting! Ini Daftar Penyakit Mata yang Di-cover BPJS Kesehatan;https://health.detik.com/berita-detikhealth/d-6329888/penting-ini-daftar-penyakit-mata-yang-di-cover-bpjs-kesehatan;detikHealth;Rabu, 05 Okt 2022 09:16 WIB
Kabar Baik! Bumil Tak Punya BPJS Bisa Lahiran Gratis, Begini Syaratnya;https://health.detik.com/berita-detikhealth/d-6337223/kabar-baik-bumil-tak-punya-bpjs-bisa-lahiran-gratis-begini-syaratnya;detikHealth;Sabtu, 08 Okt 2022 20:50 WIB
Begini Cara Dapatkan Kacamata Gratis Pakai BPJS Kesehatan;https://health.detik.com/berita-detikhealth/d-6328981/begini-cara-dapatkan-kacamata-gratis-pakai-bpjs-kesehatan;detikHealth;Selasa, 04 Okt 2022 17:00 WIB
Dirut BPJS Kesehatan Dorong Perluasan Layanan Bedah hingga ke Daerah;https://health.detik.com/berita-detikhealth/d-6328072/dirut-bpjs-kesehatan-dorong-perluasan-layanan-bedah-hingga-ke-daerah;detikHealth;Selasa, 04 Okt 2022 11:25 WIB
Percobaan Bunuh Diri Tak Dicover BPJS, Kemenkes Soroti Masalah Kesehatan Jiwa;https://health.detik.com/berita-detikhealth/d-6332250/percobaan-bunuh-diri-tak-dicover-bpjs-kemenkes-soroti-masalah-kesehatan-jiwa;detikHealth;Kamis, 06 Okt 2022 11:11 WIB
Disinggung Menkes Imbas Gaduh Es Teh, Diabetes Ditanggung BPJS Nggak Ya?;https://health.detik.com/berita-detikhealth/d-6314355/disinggung-menkes-imbas-gaduh-es-teh-diabetes-ditanggung-bpjs-nggak-ya;detikHealth;Selasa, 27 Sep 2022 10:30 WIB
Begini Cara Membersihkan Karang Gigi Pakai BPJS Kesehatan, Mudah Banget Loh;https://health.detik.com/berita-detikhealth/d-6307383/begini-cara-membersihkan-karang-gigi-pakai-bpjs-kesehatan-mudah-banget-loh;detikHealth;Jumat, 23 Sep 2022 08:00 WIB
Viral Kopi Kekinian Versi 'BPJS', Netizen Sorot Kandungan Gulanya;https://health.detik.com/berita-detikhealth/d-6306549/viral-kopi-kekinian-versi-bpjs-netizen-sorot-kandungan-gulanya;detikHealth;Kamis, 22 Sep 2022 17:30 WIB
Dirut BPJS Buka Suara usai Viral Bayi Idap Penyakit Kawasaki Tak Dicover;https://health.detik.com/berita-detikhealth/d-6303463/dirut-bpjs-buka-suara-usai-viral-bayi-idap-penyakit-kawasaki-tak-dicover;detikHealth;Rabu, 21 Sep 2022 10:30 WIB
Viral Curhat Tak Ditanggung BPJS, Ini Gejala Balita Idap Penyakit Langka;https://health.detik.com/berita-detikhealth/d-6303184/viral-curhat-tak-ditanggung-bpjs-ini-gejala-balita-idap-penyakit-langka;detikHealth;Rabu, 21 Sep 2022 07:00 WIB
Cek! Ini 21 Penyakit yang Tidak Ditanggung BPJS Kesehatan;https://health.detik.com/berita-detikhealth/d-6304041/cek-ini-21-penyakit-yang-tidak-ditanggung-bpjs-kesehatan;detikHealth;Rabu, 21 Sep 2022 14:32 WIB
Viral Balita Idap Penyakit Langka, Sang Ibu Curhat Tak Bisa Dicover BPJS;https://health.detik.com/berita-detikhealth/d-6302314/viral-balita-idap-penyakit-langka-sang-ibu-curhat-tak-bisa-dicover-bpjs;detikHealth;Selasa, 20 Sep 2022 16:32 WIB
Dirut BPJS Pastikan Pengobatan Penyakit Kawasaki Ditanggung BPJS;https://health.detik.com/detiktv/d-6304144/dirut-bpjs-pastikan-pengobatan-penyakit-kawasaki-ditanggung-bpjs;detikHealth;Rabu, 21 Sep 2022 14:54 WIB
BPJS Kesehatan Pastikan Biaya Perawatan Penyakit Kawasaki Di-cover;https://health.detik.com/berita-detikhealth/d-6304277/bpjs-kesehatan-pastikan-biaya-perawatan-penyakit-kawasaki-di-cover;detikHealth;Rabu, 21 Sep 2022 16:00 WIB
Kronologi Viral Balita Kena Penyakit Langka Kawasaki Tak Ditanggung BPJS;https://health.detik.com/berita-detikhealth/d-6302899/kronologi-viral-balita-kena-penyakit-langka-kawasaki-tak-ditanggung-bpjs;detikHealth;Selasa, 20 Sep 2022 21:02 WIB
Nggak Pernah Sakit, Apakah BPJS Kesehatan Bisa Dicairkan?;https://health.detik.com/berita-detikhealth/d-6295063/nggak-pernah-sakit-apakah-bpjs-kesehatan-bisa-dicairkan;detikHealth;Jumat, 16 Sep 2022 13:16 WIB
Petugas BPJS SATU! Tunjang Kepuasan Peserta JKN di Rumah Sakit;https://health.detik.com/berita-detikhealth/d-6260269/petugas-bpjs-satu-tunjang-kepuasan-peserta-jkn-di-rumah-sakit;detikHealth;Selasa, 30 Agu 2022 07:47 WIB
Pensiunan PNS Ini Terkesan Layanan Drive Thru BPJS Kesehatan Soreang;https://health.detik.com/berita-detikhealth/d-6259393/pensiunan-pns-ini-terkesan-layanan-drive-thru-bpjs-kesehatan-soreang;detikHealth;Senin, 29 Agu 2022 10:02 WIB
Menkes Buka-bukaan, Ini Daftar 4 Penyakit yang Bikin BPJS Kesehatan Tekor;https://health.detik.com/berita-detikhealth/d-6233056/menkes-buka-bukaan-ini-daftar-4-penyakit-yang-bikin-bpjs-kesehatan-tekor;detikHealth;Sabtu, 13 Agu 2022 17:08 WIB
Waduh, Ternyata Penyakit Mematikan Ini Paling Bikin Tekor BPJS Kesehatan;https://health.detik.com/berita-detikhealth/d-6238939/waduh-ternyata-penyakit-mematikan-ini-paling-bikin-tekor-bpjs-kesehatan;detikHealth;Rabu, 17 Agu 2022 10:00 WIB
Gratis! Begini Cara Membersihkan Karang Gigi Pakai BPJS Kesehatan;https://health.detik.com/berita-detikhealth/d-6235465/gratis-begini-cara-membersihkan-karang-gigi-pakai-bpjs-kesehatan;detikHealth;Senin, 15 Agu 2022 13:30 WIB
Cek! Daftar 21 Penyakit yang Tidak Ditanggung BPJS Kesehatan;https://health.detik.com/berita-detikhealth/d-6260476/cek-daftar-21-penyakit-yang-tidak-ditanggung-bpjs-kesehatan;detikHealth;Senin, 29 Agu 2022 15:00 WIB
Warga 62+ Merapat! Begini Loh Cara Klaim Alat Bantu Dengar BPJS Kesehatan;https://health.detik.com/berita-detikhealth/d-6212470/warga-62-merapat-begini-loh-cara-klaim-alat-bantu-dengar-bpjs-kesehatan;detikHealth;Selasa, 02 Agu 2022 17:00 WIB
Digitalisasi Layanan Kesehatan Tak Mudah, BPJS Kesehatan Merasakannya;https://health.detik.com/berita-detikhealth/d-6222130/digitalisasi-layanan-kesehatan-tak-mudah-bpjs-kesehatan-merasakannya;detikHealth;Senin, 08 Agu 2022 09:23 WIB
Dirut BPJS Kesehatan: 71% Peserta JKN Puas dengan Layanan Telemedicine;https://health.detik.com/berita-detikhealth/d-6215487/dirut-bpjs-kesehatan-71-peserta-jkn-puas-dengan-layanan-telemedicine;detikHealth;Kamis, 04 Agu 2022 08:25 WIB
Bayi Meninggal 'Dipaksa' Lahir Normal, BPJS Jelaskan Jaminan Caesar-Preeklamsia;https://health.detik.com/berita-detikhealth/d-6217021/bayi-meninggal-dipaksa-lahir-normal-bpjs-jelaskan-jaminan-caesar-preeklamsia;detikHealth;Kamis, 04 Agu 2022 20:03 WIB
Catat! Syarat Mendaftar BPJS Kesehatan Lengkap dengan Iurannya;https://health.detik.com/berita-detikhealth/d-6214827/catat-syarat-mendaftar-bpjs-kesehatan-lengkap-dengan-iurannya;detikHealth;Rabu, 03 Agu 2022 18:31 WIB
Simak Cara Klaim Kacamata BPJS Kesehatan 2022, Ini Syaratnya!;https://health.detik.com/berita-detikhealth/d-6212211/simak-cara-klaim-kacamata-bpjs-kesehatan-2022-ini-syaratnya;detikHealth;Selasa, 02 Agu 2022 15:15 WIB
Terungkap, Menkes Beberkan Penyakit Paling Bikin Tekor BPJS Kesehatan!;https://health.detik.com/berita-detikhealth/d-6208909/terungkap-menkes-beberkan-penyakit-paling-bikin-tekor-bpjs-kesehatan;detikHealth;Minggu, 31 Jul 2022 18:00 WIB
Fakta Mengejutkan di Balik Penyakit Paling Bikin Tekor BPJS Kesehatan;https://health.detik.com/berita-detikhealth/d-6200801/fakta-mengejutkan-di-balik-penyakit-paling-bikin-tekor-bpjs-kesehatan;detikHealth;Rabu, 27 Jul 2022 06:21 WIB
Menkes Sebut Penyakit Ini Paling Bikin Tekor BPJS Kesehatan;https://health.detik.com/berita-detikhealth/d-6199372/menkes-sebut-penyakit-ini-paling-bikin-tekor-bpjs-kesehatan;detikHealth;Selasa, 26 Jul 2022 13:00 WIB
4 Penyakit Paling Bikin Tekor BPJS Kesehatan, Menkes Ungkap 'Biang Keroknya';https://health.detik.com/berita-detikhealth/d-6227705/4-penyakit-paling-bikin-tekor-bpjs-kesehatan-menkes-ungkap-biang-keroknya;detikHealth;Rabu, 10 Agu 2022 19:49 WIB
Dirut BPJS Heran: Bayar Rokok Rp 150 Ribu Bisa, Iuran Rp 42 Ribu Berat;https://health.detik.com/detiktv/d-6164270/dirut-bpjs-heran-bayar-rokok-rp-150-ribu-bisa-iuran-rp-42-ribu-berat;detikHealth;Rabu, 06 Jul 2022 04:43 WIB
Dirut: 80-90% Pasien di Rumah Sakit Adalah Peserta BPJS Kesehatan;https://health.detik.com/berita-detikhealth/d-6163981/dirut-80-90-pasien-di-rumah-sakit-adalah-peserta-bpjs-kesehatan;detikHealth;Selasa, 05 Jul 2022 20:06 WIB
Direksi BPJS Kesehatan Turun Langsung Edukasi JKN ke Warga Perbatasan;https://health.detik.com/berita-detikhealth/d-6176423/direksi-bpjs-kesehatan-turun-langsung-edukasi-jkn-ke-warga-perbatasan;detikHealth;Rabu, 13 Jul 2022 09:25 WIB
Pasang Gigi Palsu Bisa Pakai BPJS Kesehatan, Catat Syarat dan Biayanya;https://health.detik.com/berita-detikhealth/d-6212681/pasang-gigi-palsu-bisa-pakai-bpjs-kesehatan-catat-syarat-dan-biayanya;detikHealth;Selasa, 02 Agu 2022 18:15 WIB
Bayi Meninggal 'Dipaksa' Lahir Normal di RSUD Jombang, BPJS Kesehatan Buka Suara;https://health.detik.com/berita-detikhealth/d-6214748/bayi-meninggal-dipaksa-lahir-normal-di-rsud-jombang-bpjs-kesehatan-buka-suara;detikHealth;Rabu, 03 Agu 2022 18:02 WIB
BPJS Kesehatan: Klaim COVID-19 Mencapai Rp 138,8 Triliun Sejak 2021;https://health.detik.com/berita-detikhealth/d-6164074/bpjs-kesehatan-klaim-covid-19-mencapai-rp-138-8-triliun-sejak-2021;detikHealth;Selasa, 05 Jul 2022 21:32 WIB
Dirut BPJS: Bayar Rokok Rp 150 Ribu Bisa, Iuran Rp 42 Ribu Terasa Berat;https://health.detik.com/berita-detikhealth/d-6163304/dirut-bpjs-bayar-rokok-rp-150-ribu-bisa-iuran-rp-42-ribu-terasa-berat;detikHealth;Selasa, 05 Jul 2022 15:46 WIB
Gratis! Ini 7 Lokasi Posko Mudik BPJS Kesehatan, Bisa Pijit dan Berobat;https://health.detik.com/berita-detikhealth/d-6052071/gratis-ini-7-lokasi-posko-mudik-bpjs-kesehatan-bisa-pijit-dan-berobat;detikHealth;Selasa, 26 Apr 2022 16:00 WIB
Dirut BPJS: Achmad Yurianto Akan Dimakamkan Secara Militer;https://health.detik.com/berita-detikhealth/d-6088999/dirut-bpjs-achmad-yurianto-akan-dimakamkan-secara-militer;detikHealth;Sabtu, 21 Mei  2022 21:08 WIB
Cek! Daftar Penyakit yang Bikin 'Tekor' BPJS Kesehatan;https://health.detik.com/berita-detikhealth/d-6163566/cek-daftar-penyakit-yang-bikin-tekor-bpjs-kesehatan;detikHealth;Selasa, 05 Jul 2022 17:14 WIB
Pemerintah Pastikan Biaya Perawatan Pasien Hepatitis Ditanggung BPJS Kesehatan;https://health.detik.com/berita-detikhealth/d-6068715/pemerintah-pastikan-biaya-perawatan-pasien-hepatitis-ditanggung-bpjs-kesehatan;detikHealth;Senin, 09 Mei  2022 11:32 WIB
BPJS Kesehatan Isyaratkan Tak Ada Kenaikan Iuran Sampai 2024;https://health.detik.com/berita-detikhealth/d-6163805/bpjs-kesehatan-isyaratkan-tak-ada-kenaikan-iuran-sampai-2024;detikHealth;Selasa, 05 Jul 2022 18:25 WIB
BPJS Kesehatan Siap Tanggung Kecelakaan Saat Mudik, Begini Cara Urusnya;https://health.detik.com/berita-detikhealth/d-6060299/bpjs-kesehatan-siap-tanggung-kecelakaan-saat-mudik-begini-cara-urusnya;detikHealth;Minggu, 01 Mei  2022 19:01 WIB
Kenali, Ini 3 Masalah Ginjal yang Paling Bikin Tekor BPJS Kesehatan;https://health.detik.com/berita-detikhealth/d-5978013/kenali-ini-3-masalah-ginjal-yang-paling-bikin-tekor-bpjs-kesehatan;detikHealth;Jumat, 11 Mar 2022 08:55 WIB
Hati-hati! Nunggak Iuran BPJS Kesehatan Bisa Kena Denda Rp 30 Juta;https://health.detik.com/detiktv/d-6094852/hati-hati-nunggak-iuran-bpjs-kesehatan-bisa-kena-denda-rp-30-juta;detikHealth;Rabu, 25 Mei  2022 14:35 WIB
Eks Jubir COVID-19 Achmad Yurianto Dirawat, Dirut BPJS Ungkap Kondisi Terkini;https://health.detik.com/berita-detikhealth/d-6051449/eks-jubir-covid-19-achmad-yurianto-dirawat-dirut-bpjs-ungkap-kondisi-terkini;detikHealth;Selasa, 26 Apr 2022 11:37 WIB
Vaksin Booster Gratis untuk Lansia dan Peserta BPJS, Ini yang Perlu Diketahui;https://health.detik.com/berita-detikhealth/d-5858399/vaksin-booster-gratis-untuk-lansia-dan-peserta-bpjs-ini-yang-perlu-diketahui;detikHealth;Kamis, 16 Des 2021 19:00 WIB
Daftar Penyakit yang Tak Ditanggung BPJS Kesehatan, Cek Dulu Sebelum Berobat!;https://health.detik.com/berita-all/d-6036837/daftar-penyakit-yang-tak-ditanggung-bpjs-kesehatan-cek-dulu-sebelum-berobat;detikHealth;Minggu, 17 Apr 2022 14:03 WIB
BPJS Kesehatan Pastikan Layanan Tetap Buka, Bisa Dipakai Selama Mudik;https://health.detik.com/berita-detikhealth/d-6051672/bpjs-kesehatan-pastikan-layanan-tetap-buka-bisa-dipakai-selama-mudik;detikHealth;Selasa, 26 Apr 2022 13:01 WIB
Jaminan BPJS Bakal Gabung dengan Asuransi Swasta, Bayar Cukup Sekali;https://health.detik.com/berita-detikhealth/d-5913683/jaminan-bpjs-bakal-gabung-dengan-asuransi-swasta-bayar-cukup-sekali;detikHealth;Selasa, 25 Jan 2022 14:32 WIB
Kecelakaan Saat Mudik, Bisa Pakai BPJS! Begini Mengurusnya;https://health.detik.com/berita-detikhealth/d-6056173/kecelakaan-saat-mudik-bisa-pakai-bpjs-begini-mengurusnya;detikHealth;Kamis, 28 Apr 2022 18:00 WIB
Booster Vaksin Corona Gratis Cuma untuk Peserta BPJS, Pakai Merek Apa?;https://health.detik.com/berita-detikhealth/d-5802840/booster-vaksin-corona-gratis-cuma-untuk-peserta-bpjs-pakai-merek-apa;detikHealth;Senin, 08 Nov 2021 22:26 WIB
BPJS Bayar Penyakit Katastropik Rp 20 T, Kasus Diabetes Naik Terus;https://health.detik.com/berita-detikhealth/d-5812030/bpjs-bayar-penyakit-katastropik-rp-20-t-kasus-diabetes-naik-terus;detikHealth;Senin, 15 Nov 2021 13:17 WIB
Dirut BPJS Kesehatan Bicara Syarat RI Capai Universal Health Coverage;https://health.detik.com/berita-detikhealth/d-5845299/dirut-bpjs-kesehatan-bicara-syarat-ri-capai-universal-health-coverage;detikHealth;Selasa, 07 Des 2021 21:46 WIB
Tingkatkan Kualitas Layanan, BPJS Kesehatan-Faskes Genjot Digitalisasi;https://health.detik.com/berita-detikhealth/d-5812866/tingkatkan-kualitas-layanan-bpjs-kesehatan-faskes-genjot-digitalisasi;detikHealth;Senin, 15 Nov 2021 19:54 WIB
Sinergi BPJS Kesehatan-Good Doctor Tingkatkan Layanan Peserta JKN-KIS;https://health.detik.com/berita-detikhealth/d-5791870/sinergi-bpjs-kesehatan-good-doctor-tingkatkan-layanan-peserta-jkn-kis;detikHealth;Senin, 01 Nov 2021 15:28 WIB
RS Gigi & Mulut Diminta Tingkatkan Layanan untuk BPJS Kesehatan;https://health.detik.com/berita-detikhealth/d-5785119/rs-gigi-mulut-diminta-tingkatkan-layanan-untuk-bpjs-kesehatan;detikHealth;Rabu, 27 Okt 2021 16:45 WIB
Bos BPJS Kesehatan: Program Jaminan Kesehatan Harus Berkelanjutan;https://health.detik.com/berita-detikhealth/d-5767558/bos-bpjs-kesehatan-program-jaminan-kesehatan-harus-berkelanjutan;detikHealth;Kamis, 14 Okt 2021 21:50 WIB
Klaim COVID-19 BPJS Kesehatan 2020 Tembus Rp 40,7 Triliun;https://health.detik.com/berita-detikhealth/d-5764410/klaim-covid-19-bpjs-kesehatan-2020-tembus-rp-40-7-triliun;detikHealth;Selasa, 12 Okt 2021 22:06 WIB
BPJS Kesehatan Minta Faskes Optimalkan Layanan untuk Pasien Kanker;https://health.detik.com/berita-detikhealth/d-5751418/bpjs-kesehatan-minta-faskes-optimalkan-layanan-untuk-pasien-kanker;detikHealth;Minggu, 03 Okt 2021 21:46 WIB
Dirut BPJS Kesehatan Ajak Masyarakat Berolahraga Selama Pandemi;https://health.detik.com/berita-detikhealth/d-5720619/dirut-bpjs-kesehatan-ajak-masyarakat-berolahraga-selama-pandemi;detikHealth;Minggu, 12 Sep 2021 18:00 WIB
Tingkatkan Kualitas Layanan, BPJS Kesehatan Luncurkan 3 Inovasi Baru;https://health.detik.com/berita-detikhealth/d-5721550/tingkatkan-kualitas-layanan-bpjs-kesehatan-luncurkan-3-inovasi-baru;detikHealth;Senin, 13 Sep 2021 14:09 WIB
Dorong Faskes Tingkatkan Pelayanan, BPJS Kesehatan Gandeng Bank bjb;https://health.detik.com/berita-detikhealth/d-5718116/dorong-faskes-tingkatkan-pelayanan-bpjs-kesehatan-gandeng-bank-bjb;detikHealth;Jumat, 10 Sep 2021 15:05 WIB
BPJS Kesehatan Siapkan Tempat Isolasi COVID untuk Pegawai & Keluarga;https://health.detik.com/berita-detikhealth/d-5690311/bpjs-kesehatan-siapkan-tempat-isolasi-covid-untuk-pegawai-keluarga;detikHealth;Jumat, 20 Agu 2021 21:45 WIB
Masyarakat Kudus Gunakan WhatsApp untuk Akses Layanan BPJS Kesehatan;https://health.detik.com/berita-detikhealth/d-5643477/masyarakat-kudus-gunakan-whatsapp-untuk-akses-layanan-bpjs-kesehatan;detikHealth;Kamis, 15 Jul 2021 07:59 WIB
Dihantam Isu Kebocoran Data, Layanan BPJS Kesehatan Bakal Terdampak?;https://health.detik.com/berita-detikhealth/d-5581654/dihantam-isu-kebocoran-data-layanan-bpjs-kesehatan-bakal-terdampak;detikHealth;Selasa, 25 Mei  2021 11:07 WIB
Tagihan Belum Dibayar BPJS Kesehatan, Asosiasi RS dan IDI Surati Jokowi;https://health.detik.com/berita-detikhealth/d-5297935/tagihan-belum-dibayar-bpjs-kesehatan-asosiasi-rs-dan-idi-surati-jokowi;detikHealth;Rabu, 16 Des 2020 19:11 WIB
Daftar Iuran BPJS Kesehatan Terbaru yang Mulai Berlaku 1 Juli 2020;https://health.detik.com/berita-detikhealth/d-5260243/daftar-iuran-bpjs-kesehatan-terbaru-yang-mulai-berlaku-1-juli-2020;detikHealth;Rabu, 18 Nov 2020 16:47 WIB
Per Hari Ini! Akun BPJS Kesehatan Bisa Dibekukan Jika Tak Lakukan Hal Ini;https://health.detik.com/berita-detikhealth/d-5236682/per-hari-ini-akun-bpjs-kesehatan-bisa-dibekukan-jika-tak-lakukan-hal-ini;detikHealth;Minggu, 01 Nov 2020 08:31 WIB
3 Penyakit Ini Paling Bikin Tekor BPJS Kesehatan;https://health.detik.com/berita-all/d-5478845/3-penyakit-ini-paling-bikin-tekor-bpjs-kesehatan;detikHealth;Rabu, 03 Mar 2021 11:00 WIB
Penting! Ini Pesan Dirut Baru BPJS Kesehatan Soal COVID-19;https://health.detik.com/berita-detikhealth/d-5479120/penting-ini-pesan-dirut-baru-bpjs-kesehatan-soal-covid-19;detikHealth;Rabu, 03 Mar 2021 13:33 WIB
Terawan Beberkan Tipe Kelas Standar BPJS Kesehatan di 2022;https://health.detik.com/detiktv/d-5268152/terawan-beberkan-tipe-kelas-standar-bpjs-kesehatan-di-2022;detikHealth;Selasa, 24 Nov 2020 17:31 WIB
Akan Ada Kelas Standar, Begini Rencana Gabungan Kelas BPJS Kesehatan;https://health.detik.com/berita-detikhealth/d-5727646/akan-ada-kelas-standar-begini-rencana-gabungan-kelas-bpjs-kesehatan;detikHealth;Jumat, 17 Sep 2021 09:00 WIB
Survei Sebut Penyesuaian Iuran Diiringi Kepuasan Peserta BPJS Kesehatan;https://health.detik.com/berita-detikhealth/d-5281092/survei-sebut-penyesuaian-iuran-diiringi-kepuasan-peserta-bpjs-kesehatan;detikHealth;Jumat, 04 Des 2020 10:43 WIB
Menkes Terawan Beri Isyarat Kenaikan Iuran BPJS Kesehatan;https://health.detik.com/berita-detikhealth/d-5267948/menkes-terawan-beri-isyarat-kenaikan-iuran-bpjs-kesehatan;detikHealth;Selasa, 24 Nov 2020 16:00 WIB
Syarat Bikin BPJS Kesehatan yang Harus Dilengkapi dan Nggak Ribet;https://health.detik.com/berita-detikhealth/d-5261579/syarat-bikin-bpjs-kesehatan-yang-harus-dilengkapi-dan-nggak-ribet;detikHealth;Kamis, 19 Nov 2020 15:25 WIB
Lepas Dirjen, Achmad Yurianto Jajal Peruntungan Jadi Dewas BPJS Kesehatan;https://health.detik.com/berita-detikhealth/d-5226822/lepas-dirjen-achmad-yurianto-jajal-peruntungan-jadi-dewas-bpjs-kesehatan;detikHealth;Sabtu, 24 Okt 2020 10:41 WIB
Cara Mengecek Iuran BPJS Kesehatan yang Sudah Dibayar;https://health.detik.com/berita-detikhealth/d-5243010/cara-mengecek-iuran-bpjs-kesehatan-yang-sudah-dibayar;detikHealth;Kamis, 05 Nov 2020 17:30 WIB
IDI Soal Kenaikan Iuran BPJS Kesehatan: Beri Kelas Tiga Opsi Tambahan;https://health.detik.com/berita-detikhealth/d-5015673/idi-soal-kenaikan-iuran-bpjs-kesehatan-beri-kelas-tiga-opsi-tambahan;detikHealth;Jumat, 15 Mei  2020 10:17 WIB
Eka Hospital Raih Penghargaan dari BPJS Ketenagakerjaan;https://health.detik.com/berita-detikhealth/d-5301193/eka-hospital-raih-penghargaan-dari-bpjs-ketenagakerjaan;detikHealth;Jumat, 18 Des 2020 20:43 WIB
Cara Cek BPJS Kesehatan Aktif atau Tidak;https://health.detik.com/berita-detikhealth/d-5302232/cara-cek-bpjs-kesehatan-aktif-atau-tidak;detikHealth;Minggu, 20 Des 2020 05:27 WIB
Infeksi Virus Corona Tak Dicover BPJS Kesehatan, Siapa Dong yang Bayar?;https://health.detik.com/berita-detikhealth/d-4878745/infeksi-virus-corona-tak-dicover-bpjs-kesehatan-siapa-dong-yang-bayar;detikHealth;Kamis, 30 Jan 2020 09:30 WIB
Kelas Standar BPJS Kesehatan Kemungkinan Mulai di Akhir Juni;https://health.detik.com/berita-detikhealth/d-5050010/kelas-standar-bpjs-kesehatan-kemungkinan-mulai-di-akhir-juni;detikHealth;Kamis, 11 Jun 2020 19:03 WIB
Iuran BPJS Kesehatan Naik, Bisakah Perbaiki Layanan Kesehatan?;https://health.detik.com/berita-detikhealth/d-5016113/iuran-bpjs-kesehatan-naik-bisakah-perbaiki-layanan-kesehatan;detikHealth;Jumat, 15 Mei  2020 14:26 WIB
Sempat Dibatalkan MA, Jokowi Kembali Naikkan Iuran BPJS Kesehatan;https://health.detik.com/berita-detikhealth/d-5012940/sempat-dibatalkan-ma-jokowi-kembali-naikkan-iuran-bpjs-kesehatan;detikHealth;Rabu, 13 Mei  2020 12:00 WIB
Kronologi 'Drama' Perjalanan Naik-Turun Iuran BPJS Kesehatan;https://health.detik.com/berita-detikhealth/d-5014117/kronologi-drama-perjalanan-naik-turun-iuran-bpjs-kesehatan;detikHealth;Kamis, 14 Mei  2020 08:41 WIB
Bantah Isu Terkait BPJS Kesehatan, Jubir: Vaksin Corona Gratis Tanpa Syarat!;https://health.detik.com/berita-detikhealth/d-5300651/bantah-isu-terkait-bpjs-kesehatan-jubir-vaksin-corona-gratis-tanpa-syarat;detikHealth;Jumat, 18 Des 2020 16:23 WIB
Ini Protokol COVID-19 yang Diterapkan BPJS Kesehatan Jakarta Barat;https://health.detik.com/berita-detikhealth/d-4975726/ini-protokol-covid-19-yang-diterapkan-bpjs-kesehatan-jakarta-barat;detikHealth;Senin, 13 Apr 2020 21:14 WIB
Begini Cara Manfaatkan BPJS Kesehatan Care Center Saat PSBB;https://health.detik.com/berita-detikhealth/d-4975805/begini-cara-manfaatkan-bpjs-kesehatan-care-center-saat-psbb;detikHealth;Senin, 13 Apr 2020 22:39 WIB
Ini Layanan Digital BPJS Kesehatan Saat Physical Distancing;https://health.detik.com/infografis/d-4964645/ini-layanan-digital-bpjs-kesehatan-saat-physical-distancing;detikHealth;Sabtu, 04 Apr 2020 09:05 WIB
Maskot BPJS Kesehatan Bang Jakes Ingatkan Jarak Aman Antre Layanan;https://health.detik.com/berita-detikhealth/d-4969462/maskot-bpjs-kesehatan-bang-jakes-ingatkan-jarak-aman-antre-layanan;detikHealth;Rabu, 08 Apr 2020 12:33 WIB
Mobile JKN Mudahkan Layanan BPJS Kesehatan Tanpa Keluar Rumah;https://health.detik.com/infografis/d-4971111/mobile-jkn-mudahkan-layanan-bpjs-kesehatan-tanpa-keluar-rumah;detikHealth;Kamis, 09 Apr 2020 14:08 WIB
MA Batalkan Kenaikan Iuran, BPJS Kesehatan Siap Kembalikan Selisih Pembayaran;https://health.detik.com/berita-detikhealth/d-4962378/ma-batalkan-kenaikan-iuran-bpjs-kesehatan-siap-kembalikan-selisih-pembayaran;detikHealth;Kamis, 02 Apr 2020 13:40 WIB
Iuran BPJS Kesehatan Batal Naik, Pasien Cuci Darah Angkat Bicara;https://health.detik.com/berita-detikhealth/d-4938327/iuran-bpjs-kesehatan-batal-naik-pasien-cuci-darah-angkat-bicara;detikHealth;Jumat, 13 Mar 2020 19:54 WIB
MA Batalkan Kenaikan Tarif Iuran, BPJS Kesehatan Buka Suara;https://health.detik.com/berita-detikhealth/d-4931875/ma-batalkan-kenaikan-tarif-iuran-bpjs-kesehatan-buka-suara;detikHealth;Senin, 09 Mar 2020 19:13 WIB
Syarat dan Cara Daftar Ulang BPJS Kesehatan 2020 agar Tidak Dibekukan;https://health.detik.com/berita-detikhealth/d-5239329/syarat-dan-cara-daftar-ulang-bpjs-kesehatan-2020-agar-tidak-dibekukan;detikHealth;Selasa, 03 Nov 2020 11:36 WIB
7 Tahun BPJS Kesehatan, Peserta Masih Keluhkan Antrean Berjam-jam;https://health.detik.com/berita-detikhealth/d-5486380/7-tahun-bpjs-kesehatan-peserta-masih-keluhkan-antrean-berjam-jam;detikHealth;Selasa, 09 Mar 2021 08:01 WIB
Dikeluhkan Klinik Cuci Darah, Pembayaran oleh BPJS Kesehatan Sering Telat;https://health.detik.com/berita-detikhealth/d-4857617/dikeluhkan-klinik-cuci-darah-pembayaran-oleh-bpjs-kesehatan-sering-telat;detikHealth;Senin, 13 Jan 2020 18:42 WIB
BPJS Kesehatan Habiskan Rp 4,8 Triliun Setahun untuk Cuci Darah;https://health.detik.com/berita-detikhealth/d-4857289/bpjs-kesehatan-habiskan-rp-4-8-triliun-setahun-untuk-cuci-darah;detikHealth;Senin, 13 Jan 2020 16:09 WIB
Cek Nomor BPJS kesehatan dengan NIK KTP, Begini Caranya;https://health.detik.com/berita-detikhealth/d-5277260/cek-nomor-bpjs-kesehatan-dengan-nik-ktp-begini-caranya;detikHealth;Selasa, 01 Des 2020 18:00 WIB
Iuran BPJS Kesehatan Kelas 1-3, Bagaimana Jika Tidak Mampu Bayar?;https://health.detik.com/berita-detikhealth/d-5217747/iuran-bpjs-kesehatan-kelas-1-3-bagaimana-jika-tidak-mampu-bayar;detikHealth;Sabtu, 17 Okt 2020 19:08 WIB
Registrasi Ulang BPJS Kesehatan Via Whatsapp, Ini Daftar Nomornya di Indonesia;https://health.detik.com/berita-detikhealth/d-5238018/registrasi-ulang-bpjs-kesehatan-via-whatsapp-ini-daftar-nomornya-di-indonesia;detikHealth;Senin, 02 Nov 2020 14:35 WIB
BPJS Kesehatan Angkat Bicara Soal Isu Kenaikan Iuran Tahun Depan;https://health.detik.com/berita-detikhealth/d-5279657/bpjs-kesehatan-angkat-bicara-soal-isu-kenaikan-iuran-tahun-depan;detikHealth;Kamis, 03 Des 2020 13:00 WIB
Cek Kepesertaan BPJS Kesehatan, Waspada Beku pada 1 November 2020;https://health.detik.com/berita-detikhealth/d-5235317/cek-kepesertaan-bpjs-kesehatan-waspada-beku-pada-1-november-2020;detikHealth;Jumat, 30 Okt 2020 20:00 WIB
Cari Kantor BPJS Kesehatan Terdekat di Jabodetabek? Ini Alamatnya;https://health.detik.com/berita-detikhealth/d-5261112/cari-kantor-bpjs-kesehatan-terdekat-di-jabodetabek-ini-alamatnya;detikHealth;Kamis, 19 Nov 2020 10:15 WIB
Aplikasi PCare BPJS Kesehatan, Bisakah Digunakan Masyarakat Umum?;https://health.detik.com/berita-detikhealth/d-5155612/aplikasi-pcare-bpjs-kesehatan-bisakah-digunakan-masyarakat-umum;detikHealth;Selasa, 01 Sep 2020 18:35 WIB
Tak Lengkapi Data, Peserta BPJS Kesehatan Akan Dinonaktifkan;https://health.detik.com/detiktv/d-5240393/tak-lengkapi-data-peserta-bpjs-kesehatan-akan-dinonaktifkan;detikHealth;Selasa, 03 Nov 2020 21:38 WIB
Iuran BPJS Kesehatan Naik, Komunitas Pasien Cuci Darah Kembali Gugat Pemerintah;https://health.detik.com/berita-detikhealth/d-5022122/iuran-bpjs-kesehatan-naik-komunitas-pasien-cuci-darah-kembali-gugat-pemerintah;detikHealth;Rabu, 20 Mei  2020 12:45 WIB
Iuran BPJS Kesehatan Kembali Naik, Ini Kata Komunitas Pasien Cuci Darah;https://health.detik.com/berita-detikhealth/d-5013076/iuran-bpjs-kesehatan-kembali-naik-ini-kata-komunitas-pasien-cuci-darah;detikHealth;Rabu, 13 Mei  2020 13:38 WIB
Dua WNI Positif Virus Corona COVID-19, Dicover BPJS Nggak Sih?;https://health.detik.com/berita-detikhealth/d-4921853/dua-wni-positif-virus-corona-covid-19-dicover-bpjs-nggak-sih;detikHealth;Senin, 02 Mar 2020 14:42 WIB
Cara Pendaftaran BPJS Kesehatan, Cari Infonya di bpjs-kesehatan.go.id;https://health.detik.com/berita-detikhealth/d-5230102/cara-pendaftaran-bpjs-kesehatan-cari-infonya-di-bpjs-kesehatan-go-id;detikHealth;Selasa, 27 Okt 2020 08:42 WIB
Tunggakan Iuran BPJS Kesehatan di Bengkulu Rp 72 Miliar Lebih;https://health.detik.com/berita-detikhealth/d-5065783/tunggakan-iuran-bpjs-kesehatan-di-bengkulu-rp-72-miliar-lebih;detikHealth;Rabu, 24 Jun 2020 07:43 WIB
792.854 Peserta Turun Kelas Imbas Iuran Naik, Ini Imbauan BPJS Kesehatan;https://health.detik.com/berita-detikhealth/d-4850103/792-854-peserta-turun-kelas-imbas-iuran-naik-ini-imbauan-bpjs-kesehatan;detikHealth;Selasa, 07 Jan 2020 17:32 WIB
Ingin Turun Kelas karena Iuran BPJS Naik? Catat, Ini Batas Waktunya;https://health.detik.com/berita-detikhealth/d-4850581/ingin-turun-kelas-karena-iuran-bpjs-naik-catat-ini-batas-waktunya;detikHealth;Rabu, 08 Jan 2020 05:04 WIB
Peserta BPJS Kesehatan Ingin Turun Kelas? Begini Caranya;https://health.detik.com/infografis/d-4857357/peserta-bpjs-kesehatan-ingin-turun-kelas-begini-caranya;detikHealth;Senin, 13 Jan 2020 16:50 WIB
