Judul,Link,Tanggal Upload
"Tak Mampu Bayar Iuran, Bisakah Menonaktifkan BPJS Kesehatan ...",https://www.kompas.com/tren/read/2024/09/03/083000565/tak-mampu-bayar-iuran-bisakah-menonaktifkan-bpjs-kesehatan-?page=all,2024/09/03
Cara Pindah Faskes BPJS Kesehatan Online,https://nasional.kompas.com/read/2024/07/13/05000051/cara-pindah-faskes-bpjs-kesehatan-online,2024/07/13
Dirut BPJS: Dokter Asing Boleh Layani Pasien BPJS Kesehatan ...,https://nasional.kompas.com/read/2024/05/27/16462871/dirut-bpjs-dokter-asing-boleh-layani-pasien-bpjs-kesehatan-asal,2024/05/27
"Sejahterakan Pekerja, BPJS Ketenagakerjaan Kucurkan MLT ke ...",https://kilasbadannegara.kompas.com/bpjs-ketenagakerjaan/read/2023/12/16/19151931/sejahterakan-pekerja-bpjs-ketenagakerjaan-kucurkan-mlt-ke-pengembang-untuk,2023/12/16
"Tingkatkan Kualitas Layanan Faskes, BPJS Kesehatan Gandeng ...",https://kilasbadannegara.kompas.com/bpjs-kesehatan/read/2020/12/16/17264971/tingkatkan-kualitas-layanan-faskes-bpjs-kesehatan-gandeng-kemenkes,2020/12/16
"BPJS Kesehatan, Jaminan Kesehatan untuk Hari Ini dan Masa ...",https://nasional.kompas.com/read/2020/11/25/15110021/bpjs-kesehatan-jaminan-kesehatan-untuk-hari-ini-dan-masa-mendatang,2020/11/25
Jokowi Kembali Naikkan Iuran BPJS Kesehatan di Tengah Pandemi,https://nasional.kompas.com/read/2020/05/13/11222301/jokowi-kembali-naikkan-iuran-bpjs-kesehatan-di-tengah-pandemi,2020/05/13
"Berkenalan dengan Chika dan Vika, Inovasi Layanan Digital dari ...",https://nasional.kompas.com/read/2020/12/01/15110011/berkenalan-dengan-chika-dan-vika-inovasi-layanan-digital-dari-bpjs-kesehatan,2020/12/01
Sosialisasikan BPJS Ketenagakerjaan kepada Pekerja Informal ...,https://kilasbadannegara.kompas.com/bpjs-ketenagakerjaan/read/2023/10/21/13341451/sosialisasikan-bpjs-ketenagakerjaan-kepada-pekerja-informal-wamenaker-sehari,2023/10/21
"Lewat ""Sehari Bersama PMI"", BPJS Ketenagakerjaan Sosialisasikan ...",https://kilasbadannegara.kompas.com/bpjs-ketenagakerjaan/read/2023/12/19/10493501/lewat-sehari-bersama-pmi-bpjs-ketenagakerjaan-sosialisasikan-jamsostek,2023/12/19
BPJS Kesehatan Laporkan Kasus Kebocoran Data ke Bareskrim ...,https://kilasbadannegara.kompas.com/bpjs-kesehatan/read/2021/05/25/21535611/bpjs-kesehatan-laporkan-kasus-kebocoran-data-ke-bareskrim-polri,2021/05/25
Berita Kilas BPJS Ketenagakerjaan Terbaru Terkini Hari Ini,https://kilasbadannegara.kompas.com/bpjs-ketenagakerjaan,
Ada Notifikasi Denda Rawat Inap BPJS Kesehatan padahal ...,https://www.kompas.com/tren/read/2024/07/19/203000965/ada-notifikasi-denda-rawat-inap-bpjs-kesehatan-padahal-tunggakan-sudah?page=all,2024/07/19
Bisakah Cairkan JHT BPJS Ketenagakerjaan Tanpa Paklaring Usai ...,https://activity.kompas.com/baca-cepat/tren/2024/05/14/170000865/bisakah-cairkan-jht-bpjs-ketenagakerjaan-tanpa-paklaring-usai-resign-?source=gate_article,2024/05/14
"Tetap Beri Pelayanan Maksimal di Masa Covid-19, BPJS Kesehatan ...",https://kilasbadannegara.kompas.com/bpjs-kesehatan/read/2020/11/25/13000011/tetap-beri-pelayanan-maksimal-di-masa-covid-19-bpjs-kesehatan-cabang-bogor,2020/11/25
"Tanpa Harus Keluar Rumah, Layanan BPJS Kesehatan Bisa ...",https://nasional.kompas.com/read/2020/10/24/16530071/tanpa-harus-keluar-rumah-layanan-bpjs-kesehatan-bisa-diakses-lewat-pandawa,2020/10/24
Kemenko PMK Ungkap Alasan Kepesertaan BPJS Kesehatan jadi ...,https://nasional.kompas.com/read/2024/03/04/17512191/kemenko-pmk-ungkap-alasan-kepesertaan-bpjs-kesehatan-jadi-syarat-bikin-skck,2024/03/04
[KLARIFIKASI] Beredar Rumor Pembatasan Waktu Pasien Bertemu ...,https://nasional.kompas.com/read/2018/08/28/16283131/klarifikasi-beredar-rumor-pembatasan-waktu-pasien-bertemu-dokter-ini?page=all,2018/08/28
Berita Kilas Badan BPJS Kesehatan Terbaru Terkini Hari Ini,https://kilasbadannegara.kompas.com/bpjs-kesehatan,
Apakah Operasi Lasik Ditanggung BPJS Kesehatan?,https://www.kompas.com/tren/read/2024/07/20/070000665/apakah-operasi-lasik-ditanggung-bpjs-kesehatan-,2024/07/20
"3 Cara Melihat BPJS Kesehatan Aktif atau Tidak, Praktis Tak Perlu ...",https://www.kompas.com/tren/read/2024/07/16/090000665/3-cara-melihat-bpjs-kesehatan-aktif-atau-tidak-praktis-tak-perlu-datang-ke?page=all,2024/07/16
"Kelas BPJS Kesehatan Bakal Jadi Satu, Kemenkes Pastikan Iuran ...",https://nasional.kompas.com/read/2023/02/10/19004391/kelas-bpjs-kesehatan-bakal-jadi-satu-kemenkes-pastikan-iuran-tak-akan-naik,2023/02/10
"Hapus Kelas BPJS, Menkes: Yang Kaya, yang Miskin, Semua ...",https://nasional.kompas.com/read/2024/05/16/19124351/hapus-kelas-bpjs-menkes-yang-kaya-yang-miskin-semua-terlayani,2024/05/16
Inovasi E-Dabu Memudahkan HRD Perusahaan Kelola BPJS ...,https://nasional.kompas.com/read/2020/11/19/09060001/inovasi-e-dabu-memudahkan-hrd-perusahaan-kelola-bpjs-kesehatan-karyawan,2020/11/19
[HOAKS] Bantuan Dana Rp 125 Juta untuk Peserta BPJS ...,https://www.kompas.com/cekfakta/read/2024/03/21/083500882/hoaks-bantuan-dana-rp-125-juta-untuk-peserta-bpjs-kesehatan?page=all,2024/03/21
Apakah Pengobatan Pasien Umum Bisa Dialihkan ke BPJS ...,https://www.kompas.com/tren/read/2024/07/08/183000765/apakah-pengobatan-pasien-umum-bisa-dialihkan-ke-bpjs-kesehatan-ini,2024/07/08
Bisakah Pasien BPJS Kesehatan ke UGD Tanpa Rujukan? Ini ...,https://www.kompas.com/tren/read/2024/07/11/190000965/bisakah-pasien-bpjs-kesehatan-ke-ugd-tanpa-rujukan-ini-penjelasannya?page=all,2024/07/11
"Punya 2 Kartu BPJS Ketenagakerjaan, Bisakah Dicairkan Salah ...",https://www.kompas.com/tren/read/2024/09/07/190000465/punya-2-kartu-bpjs-ketenagakerjaan-bisakah-dicairkan-salah-satunya-,2024/09/07
Timnas Amin Pastikan Program Unggulan Terkait Pajak Kendaraan ...,https://nasional.kompas.com/read/2023/12/28/12462681/timnas-amin-pastikan-program-unggulan-terkait-pajak-kendaraan-bpjs-dan,2023/12/28
"Layanan Digital Jadi Favorit, BPJS Kesehatan Sudah Kembangkan ...",https://kilasbadannegara.kompas.com/bpjs-kesehatan/read/2020/11/29/11302951/layanan-digital-jadi-favorit-bpjs-kesehatan-sudah-kembangkan-sistem-antre,2020/11/29
"Punya Peran Krusial di JKN-KIS, Mitra Industri Keuangan ...",https://kilasbadannegara.kompas.com/bpjs-kesehatan/read/2020/11/25/15255351/punya-peran-krusial-di-jkn-kis-mitra-industri-keuangan-diapresiasi-bpjs,2020/11/25
"Tanpa Pindah Faskes, Ini Cara Pakai BPJS Kesehatan di Luar Kota ...",https://www.kompas.com/tren/read/2024/07/17/070000465/tanpa-pindah-faskes-ini-cara-pakai-bpjs-kesehatan-di-luar-kota?page=all,2024/07/17
"Tak Perlu Cemas, Cek Status BPJS Kesehatan Cukup Via Pandawa ...",https://kilasbadannegara.kompas.com/bpjs-kesehatan/read/2020/11/28/21244461/tak-perlu-cemas-cek-status-bpjs-kesehatan-cukup-via-pandawa,2020/11/28
Cara Download Kartu BPJS Ketenagakerjaan di Aplikasi JMO ...,https://kilasbadannegara.kompas.com/bpjs-ketenagakerjaan/read/2023/11/02/161500965/cara-download-kartu-bpjs-ketenagakerjaan-di-aplikasi-jmo,2023/11/02
Apakah BPJS Kesehatan Bisa Digunakan untuk Periksa di 2 Dokter ...,https://www.kompas.com/tren/read/2024/06/26/130000165/apakah-bpjs-kesehatan-bisa-digunakan-untuk-periksa-di-2-dokter-spesialis?page=all,2024/06/26
Kemenkes Tegaskan Obat dan Alkes Pasien Gagal Ginjal Akut ...,https://nasional.kompas.com/read/2023/03/27/21192261/kemenkes-tegaskan-obat-dan-alkes-pasien-gagal-ginjal-akut-masih-ditanggung,2023/03/27
"Salah Pahamnya Perokok yang Bangga ""Menyumbang"" BPJS ...",https://nasional.kompas.com/read/2018/09/21/15161641/salah-pahamnya-perokok-yang-bangga-menyumbang-bpjs-kesehatan?page=all,2018/09/21
"Kelola Dana Pekerja secara Profesional, BPJS Ketenagakerjaan ...",https://kilasbadannegara.kompas.com/bpjs-ketenagakerjaan/read/2023/11/17/10063361/kelola-dana-pekerja-secara-profesional-bpjs-ketenagakerjaan-raih-penghargaan,2023/11/17
Apakah â€œScalingâ€ Gigi Ditanggung BPJS Kesehatan? Ini ...,https://www.kompas.com/tren/read/2024/06/29/133000365/apakah-scaling-gigi-ditanggung-bpjs-kesehatan-ini-penjelasannya?page=all,2024/06/29
Apakah Biaya Layanan Ambulans Ditanggung BPJS Kesehatan ...,https://www.kompas.com/tren/read/2024/07/17/200000265/apakah-biaya-layanan-ambulans-ditanggung-bpjs-kesehatan-simak-ketentuannya?page=all,2024/07/17
"Ciptakan Aplikasi Moniks, BPJS Kesehatan Diganjar Penghargaan ...",https://kilasbadannegara.kompas.com/bpjs-kesehatan/read/2020/12/09/11564181/ciptakan-aplikasi-moniks-bpjs-kesehatan-diganjar-penghargaan-assa,2020/12/09
"Peringati Hakordia 2023, BPJS Ketenagakerjaan Berkomitmen ...",https://kilasbadannegara.kompas.com/bpjs-ketenagakerjaan/read/2023/12/15/19261401/peringati-hakordia-2023-bpjs-ketenagakerjaan-berkomitmen-cegah-tindak,2023/12/15
"HUT Ke-46, BPJS Ketenagakerjaan Berkomitmen Sejahterakan ...",https://kilasbadannegara.kompas.com/bpjs-ketenagakerjaan/read/2023/12/06/13171101/hut-ke-46-bpjs-ketenagakerjaan-berkomitmen-sejahterakan-pekerja-lewat,2023/12/06
Apakah Konsultasi ke Psikiater Ditanggung BPJS Kesehatan ...,https://www.kompas.com/tren/read/2024/06/21/190000365/apakah-konsultasi-ke-psikiater-ditanggung-bpjs-kesehatan-?page=all,2024/06/21
Apakah Tes Alergi Ditanggung BPJS Kesehatan? Ini Penjelasannya ...,https://www.kompas.com/tren/read/2024/07/14/083000765/apakah-tes-alergi-ditanggung-bpjs-kesehatan-ini-penjelasannya?page=all,2024/07/14
"Tingkatkan Kualitas Pelayanan Digital, BPJS Ketenagakerjaan Raih ...",https://kilasbadannegara.kompas.com/bpjs-ketenagakerjaan/read/2023/11/17/16045861/tingkatkan-kualitas-pelayanan-digital-bpjs-ketenagakerjaan-raih-penghargaan,2023/11/17
Adakah Batas Maksimal Rawat Inap Peserta BPJS Kesehatan?,https://www.kompas.com/tren/read/2024/06/18/204500065/adakah-batas-maksimal-rawat-inap-peserta-bpjs-kesehatan-,2024/06/18
Bisakah BPJS Kesehatan Digunakan di Luar Kota Tanpa Pindah ...,https://www.kompas.com/tren/read/2024/04/27/143000665/bisakah-bpjs-kesehatan-digunakan-di-luar-kota-tanpa-pindah-faskes-?page=all,2024/04/27
Pengusutan Dugaan Korupsi di BPJS Ketenagakerjaan Dihentikan,https://nasional.kompas.com/read/2023/08/18/14294221/pengusutan-dugaan-korupsi-di-bpjs-ketenagakerjaan-dihentikan,2023/08/18
"HUT Ke-46, BPJS Ketenagakerjaan Berkomitmen Sejahterakan ...",https://nasional.kompas.com/read/2023/12/06/13171101/hut-ke-46-bpjs-ketenagakerjaan-berkomitmen-sejahterakan-pekerja-lewat?page=all,2023/12/06
"Ciptakan Aplikasi Moniks, BPJS Kesehatan Diganjar Penghargaan ...",https://kilasbadannegara.kompas.com/bpjs-kesehatan/read/2020/12/09/11564181/ciptakan-aplikasi-moniks-bpjs-kesehatan-diganjar-penghargaan-assa,2020/12/09
"Peringati Hakordia 2023, BPJS Ketenagakerjaan Berkomitmen ...",https://kilasbadannegara.kompas.com/bpjs-ketenagakerjaan/read/2023/12/15/19261401/peringati-hakordia-2023-bpjs-ketenagakerjaan-berkomitmen-cegah-tindak,2023/12/15
"HUT Ke-46, BPJS Ketenagakerjaan Berkomitmen Sejahterakan ...",https://kilasbadannegara.kompas.com/bpjs-ketenagakerjaan/read/2023/12/06/13171101/hut-ke-46-bpjs-ketenagakerjaan-berkomitmen-sejahterakan-pekerja-lewat,2023/12/06
Apakah Konsultasi ke Psikiater Ditanggung BPJS Kesehatan ...,https://www.kompas.com/tren/read/2024/06/21/190000365/apakah-konsultasi-ke-psikiater-ditanggung-bpjs-kesehatan-?page=all,2024/06/21
Apakah Tes Alergi Ditanggung BPJS Kesehatan? Ini Penjelasannya ...,https://www.kompas.com/tren/read/2024/07/14/083000765/apakah-tes-alergi-ditanggung-bpjs-kesehatan-ini-penjelasannya?page=all,2024/07/14
"Tingkatkan Kualitas Pelayanan Digital, BPJS Ketenagakerjaan Raih ...",https://kilasbadannegara.kompas.com/bpjs-ketenagakerjaan/read/2023/11/17/16045861/tingkatkan-kualitas-pelayanan-digital-bpjs-ketenagakerjaan-raih-penghargaan,2023/11/17
Adakah Batas Maksimal Rawat Inap Peserta BPJS Kesehatan?,https://www.kompas.com/tren/read/2024/06/18/204500065/adakah-batas-maksimal-rawat-inap-peserta-bpjs-kesehatan-,2024/06/18
Bisakah BPJS Kesehatan Digunakan di Luar Kota Tanpa Pindah ...,https://www.kompas.com/tren/read/2024/04/27/143000665/bisakah-bpjs-kesehatan-digunakan-di-luar-kota-tanpa-pindah-faskes-?page=all,2024/04/27
Pengusutan Dugaan Korupsi di BPJS Ketenagakerjaan Dihentikan,https://nasional.kompas.com/read/2023/08/18/14294221/pengusutan-dugaan-korupsi-di-bpjs-ketenagakerjaan-dihentikan,2023/08/18
"HUT Ke-46, BPJS Ketenagakerjaan Berkomitmen Sejahterakan ...",https://nasional.kompas.com/read/2023/12/06/13171101/hut-ke-46-bpjs-ketenagakerjaan-berkomitmen-sejahterakan-pekerja-lewat?page=all,2023/12/06
"8 Penyakit Mata yang Ditanggung BPJS Kesehatan 2024, Apa Saja ...",https://www.kompas.com/tren/read/2024/01/26/103000765/8-penyakit-mata-yang-ditanggung-bpjs-kesehatan-2024-apa-saja-?page=all,2024/01/26
Daftar Perawatan Gigi dan Mata yang Ditanggung BPJS Kesehatan ...,https://www.kompas.com/tren/read/2024/02/03/163000665/daftar-perawatan-gigi-dan-mata-yang-ditanggung-bpjs-kesehatan-2024-apa-saja?page=all,2024/02/03
"Risiko Penyakit Kronik Degeneratif Lansia Tinggi, BPJS Kesehatan ...",https://kilasbadannegara.kompas.com/bpjs-kesehatan/read/2020/12/10/18245911/risiko-penyakit-kronik-degeneratif-lansia-tinggi-bpjs-kesehatan-pastikan,2020/12/10
"Dampak Inpres Jokowi soal BPJS Kesehatan, Pemerintah Wajib ...",https://nasional.kompas.com/read/2022/02/24/14244131/dampak-inpres-jokowi-soal-bpjs-kesehatan-pemerintah-wajib-menjamin-kesehatan?page=all,2022/02/24
Daftar Perawatan Ibu Melahirkan yang Ditanggung BPJS Kesehatan ...,https://www.kompas.com/tren/read/2024/05/05/110000565/daftar-perawatan-ibu-melahirkan-yang-ditanggung-bpjs-kesehatan-2024?page=all,2024/05/05
Apa yang Terjadi jika BPJS Kesehatan Tidak Aktif Saat Membuat ...,https://www.kompas.com/tren/read/2024/05/13/123000065/apa-yang-terjadi-jika-bpjs-kesehatan-tidak-aktif-saat-membuat-skck-,2024/05/13
"Tingkatkan Layanan JKK, BPJS Ketenagakerjaan dan Pusrehab ...",https://kilasbadannegara.kompas.com/bpjs-ketenagakerjaan/read/2023/12/13/21121551/tingkatkan-layanan-jkk-bpjs-ketenagakerjaan-dan-pusrehab-kemenhan-jalin,2023/12/13
Uji Coba Pembuatan SKCK Menyertakan BPJS Kesehatan ...,https://www.kompas.com/tren/read/2024/03/01/080000965/uji-coba-pembuatan-skck-menyertakan-bpjs-kesehatan-bagaimana-dengan?page=all,2024/03/01
Uji Coba Buat SKCK Pakai BPJS Kesehatan Berakhir 31 Mei 2024 ...,https://www.kompas.com/tren/read/2024/04/27/090000065/uji-coba-buat-skck-pakai-bpjs-kesehatan-berakhir-31-mei-2024-bagaimana?page=all,2024/04/27
Seputar Penghapusan Kelas BPJS dan Penjelasan Menkes ...,https://nasional.kompas.com/read/2024/05/17/06452481/seputar-penghapusan-kelas-bpjs-dan-penjelasan-menkes?page=all,2024/05/17
"Konsultasi Rambut Rontok ke Dokter Kulit, Bisakah Ditanggung ...",https://www.kompas.com/tren/read/2024/07/12/080000765/konsultasi-rambut-rontok-ke-dokter-kulit-bisakah-ditanggung-bpjs-kesehatan-,2024/07/12
"Peserta BPJS Beli Obat di Luar RS Disebut Dapat ""Reimburse"", Ini ...",https://www.kompas.com/tren/read/2024/04/22/160000865/peserta-bpjs-beli-obat-di-luar-rs-disebut-dapat-reimburse-ini-kata-bpjs?page=all,2024/04/22
"5 Kriteria ""Gawat Darurat"" yang Ditanggung BPJS Kesehatan jika ...",https://www.kompas.com/tren/read/2024/06/15/130000465/5-kriteria-gawat-darurat-yang-ditanggung-bpjs-kesehatan-jika-pasien,2024/06/15
Apakah Tambal Gigi Berlubang Ditanggung BPJS Kesehatan? Ini ...,https://www.kompas.com/tren/read/2024/07/02/163000865/apakah-tambal-gigi-berlubang-ditanggung-bpjs-kesehatan-ini-penjelasannya,2024/07/02
"Penjelasan BPJS Kesehatan soal Fasilitas ""Scaling"" Gigi bagi ...",https://www.kompas.com/tren/read/2024/03/06/070000765/penjelasan-bpjs-kesehatan-soal-fasilitas-scaling-gigi-bagi-peserta?page=all,2024/03/06
"Bakal Hapus Diskriminasi Pasien BPJS dan Bukan, Anies ...",https://nasional.kompas.com/read/2024/01/18/15532471/bakal-hapus-diskriminasi-pasien-bpjs-dan-bukan-anies-prinsipnya-kesetaraan,2024/01/18
Pj Bupati PPU Pasang Stiker Khusus di Rumah-rumah Warga ...,https://kilasdaerah.kompas.com/penajam-paser-utara/read/2024/01/31/113946878/pj-bupati-ppu-pasang-stiker-khusus-di-rumah-rumah-warga-penerima-bpjs,2024/01/31
"Apakah Setelah Pindah Faskes, BPJS Kesehatan Bisa Langsung ...",https://www.kompas.com/tren/read/2024/05/24/150000065/apakah-setelah-pindah-faskes-bpjs-kesehatan-bisa-langsung-digunakan-?page=all,2024/05/24
"Tingkatkan Kepesertaan Jamsostek, BPJS Ketenagakerjaan Gelar ...",https://kilasbadannegara.kompas.com/bpjs-ketenagakerjaan/read/2023/10/31/17534381/tingkatkan-kepesertaan-jamsostek-bpjs-ketenagakerjaan-gelar-rapat-monev,2023/10/31
"Mengenal Program Pesiar BPJS Kesehatan, Berikut Tujuan dan ...",https://www.kompas.com/tren/read/2024/06/08/130000365/mengenal-program-pesiar-bpjs-kesehatan-berikut-tujuan-dan-manfaatnya?page=all,2024/06/08
"Bisa Gratis, Ini 7 Alat Bantu Kesehatan yang Ditanggung BPJS ...",https://www.kompas.com/tren/read/2024/05/20/143000865/bisa-gratis-ini-7-alat-bantu-kesehatan-yang-ditanggung-bpjs-kesehatan?page=all,2024/05/20
Adakah Peserta BPJS Kesehatan yang Diprioritaskan dalam ...,https://www.kompas.com/tren/read/2024/02/05/210000365/adakah-peserta-bpjs-kesehatan-yang-diprioritaskan-dalam-menerima-layanan-,2024/02/05
"Jadi Pasien Umum karena BPJS Kesehatan Nonaktif, Bisakah Minta ...",https://www.kompas.com/tren/read/2024/04/24/193000065/jadi-pasien-umum-karena-bpjs-kesehatan-nonaktif-bisakah-minta-ganti-biaya?page=all,2024/04/24
Jokowi Restui Langkah Menkes Sederhanakan Kelas BPJS ...,https://nasional.kompas.com/read/2024/05/14/16404581/jokowi-restui-langkah-menkes-sederhanakan-kelas-bpjs-kesehatan?page=all,2024/05/14
KPU Sebut Petugas KPPS Berhak Dapat BPJS Ketenagakerjaan ...,https://nasional.kompas.com/read/2023/12/21/18421001/kpu-sebut-petugas-kpps-berhak-dapat-bpjs-ketenagakerjaan-dari-pemda,2023/12/21
"Orang Kaya Pakai BPJS, Menkes: Kalau Butuh Obat Non-generik ...",https://nasional.kompas.com/read/2022/11/25/17184091/orang-kaya-pakai-bpjs-menkes-kalau-butuh-obat-non-generik-bayar-sendiri,2022/11/25
"BPJS Kesehatan Wajib Bagi Pekerja Migran, Migrant Care: Kejar ...",https://nasional.kompas.com/read/2022/02/21/12380001/bpjs-kesehatan-wajib-bagi-pekerja-migran-migrant-care--kejar-setoran,2022/02/21
5 Kecelakaan yang Tidak Ditanggung BPJS Kesehatan Sesuai ...,https://www.kompas.com/tren/read/2024/05/19/080000365/5-kecelakaan-yang-tidak-ditanggung-bpjs-kesehatan-sesuai-perpres-nomor-59?page=all,2024/05/19
"Soal Kelas BPJS Dihapus, Menkes: Dulu 1 Kamar Isi 6-8 Orang ...",https://nasional.kompas.com/read/2024/05/17/05530591/soal-kelas-bpjs-dihapus-menkes-dulu-1-kamar-isi-6-8-orang-sekarang-4,2024/05/17
Apa Beda BPJS Kesehatan dengan Kartu Sehat ala Jokowi?,https://nasional.kompas.com/read/xml/2014/06/19/0824440/Apa.Beda.BPJS.Kesehatan.dengan.Kartu.Sehat.ala.Jokowi.,2014/06/19
"Saat Negara ""Paksa"" Warganya Jadi Peserta BPJS Kesehatan di ...",https://nasional.kompas.com/read/2022/02/22/16335981/saat-negara-paksa-warganya-jadi-peserta-bpjs-kesehatan-di-tengah-minus?page=all,2022/02/22
Jemaah Umrah dan Haji Khusus Wajib Terdaftar di BPJS Kesehatan,https://nasional.kompas.com/read/2023/01/12/13374881/jemaah-umrah-dan-haji-khusus-wajib-terdaftar-di-bpjs-kesehatan,2023/01/12
Apakah BPJS Kesehatan Menanggung Biaya Pengobatan dan ...,https://www.kompas.com/tren/read/2024/06/08/163000765/apakah-bpjs-kesehatan-menanggung-biaya-pengobatan-dan-cabut-gigi-bungsu-?page=all,2024/06/08
"Berkat Mobile JKN, Ibu Rumah Tangga Ini Mudah Akses Layanan ...",https://kilasbadannegara.kompas.com/bpjs-kesehatan/read/2020/11/27/08000091/berkat-mobile-jkn-ibu-rumah-tangga-ini-mudah-akses-layanan-kesehatan,2020/11/27
Berbagai Upaya BPJS Kesehatan Dukung Pemerintah Tangani ...,https://kilasbadannegara.kompas.com/bpjs-kesehatan/read/2020/11/27/11373921/berbagai-upaya-bpjs-kesehatan-dukung-pemerintah-tangani-pandemi-covid-19,2020/11/27
Syarat dan Cara Berobat di Luar Kota Pakai BPJS Kesehatan Saat ...,https://www.kompas.com/tren/read/2024/04/03/200000565/syarat-dan-cara-berobat-di-luar-kota-pakai-bpjs-kesehatan-saat-mudik,2024/04/03
BPJS Kesehatan Jadi Syarat Membuat dan Memperpanjang SIM ...,https://www.kompas.com/tren/read/2024/06/04/100000865/bpjs-kesehatan-jadi-syarat-membuat-dan-memperpanjang-sim-mulai-1-juli-2024?page=all,2024/06/04
4 Jenis Kecelakaan yang Tidak Ditanggung BPJS Kesehatan ...,https://www.kompas.com/tren/read/2024/03/01/090000765/4-jenis-kecelakaan-yang-tidak-ditanggung-bpjs-kesehatan?page=all,2024/03/01
"BPJS Ketenagakerjaan dan Pemprov Jabar Hadirkan Hunian ""Griya ...",https://nasional.kompas.com/read/2023/07/19/20044051/bpjs-ketenagakerjaan-dan-pemprov-jabar-hadirkan-hunian-griya-pekerja?page=all,2023/07/19
"Tapera Tak Jamin Beri Rumah, Tak Bisa Disamakan dengan BPJS ...",https://nasional.kompas.com/read/2024/06/12/09001811/tapera-tak-jamin-beri-rumah-tak-bisa-disamakan-dengan-bpjs-kesehatan?page=all,2024/06/12
